timestamp,count,amplitude,period,F,sign,H_reference,H_srflux,LE_srflux
2025-05-30 00:30:00,55,0.03816947987738173,32.72727272727273,7.671532673030439,1.0,2.142507,16.461334984151186,-53.82068498415118
2025-05-30 01:00:00,65,0.03355861843607244,27.692307692307693,7.971143680226082,1.0,-3.675262,17.10423091702325,-51.86168091702326
2025-05-30 01:30:00,57,0.04399099999999978,31.57894736842105,9.163088848374956,1.0,2.780864,19.661869596529552,-48.17398959652955
2025-05-30 02:00:00,50,0.05604944791666672,36.0,10.241051522157127,1.0,-1.624025,21.97492820291753,-52.62805820291753
2025-05-30 02:30:00,61,0.03818128137576915,29.508196721311474,8.511057839601834,1.0,1.212848,18.26276184154316,-50.652931841543165
2025-05-30 03:00:00,67,0.036897062499999356,26.865671641791046,9.033786077221196,-1.0,4.081162,-19.38441575242042,-21.260904247579578
2025-05-30 03:30:00,68,0.021792239583332762,26.470588235294116,5.4151935665015944,-1.0,3.224598,-11.619753066500358,-14.718326933499647
2025-05-30 04:00:00,68,0.034829781250000136,26.470588235294116,8.654916197411492,1.0,0.1632623,18.57144860846521,-44.455818608465215
2025-05-30 04:30:00,60,0.049387437499999964,30.0,10.828566077656243,1.0,0.3464454,23.23559856936664,-52.67566856936665
2025-05-30 05:00:00,65,0.04122077083333342,27.692307692307693,9.791126757738734,1.0,6.567399,21.009493708869968,-51.01644370886997
2025-05-30 05:30:00,64,0.034291322916666145,28.125,8.019871716694324,-1.0,6.771037,-17.208790014352466,20.600040014352466
2025-05-30 06:00:00,45,0.09564164583333401,40.0,15.727611120976675,1.0,-4.462861,33.74781627053775,13.427393729462253
2025-05-30 06:30:00,54,0.1070280625000003,33.333333333333336,21.120034872234434,1.0,-2.582881,45.31871057931246,49.94811442068754
2025-05-30 07:00:00,56,0.11834707288076807,32.142857142857146,24.21858444334467,1.0,9.648079,51.96748138287796,80.19762861712204
2025-05-30 07:30:00,51,0.1590416430428494,35.294117647058826,29.64041209204742,1.0,26.41155,63.60146965557245,89.19410034442754
2025-05-30 08:00:00,45,0.19696352083333335,40.0,32.38929687683594,1.0,56.78607,69.49994069178655,120.16112930821345
2025-05-30 08:30:00,50,0.24687835860707563,36.0,45.10827642690907,1.0,92.08945,96.79192939260709,186.72550060739292
2025-05-30 09:00:00,50,0.26657105208333387,36.0,48.70641871013465,1.0,74.32395,104.51271061968065,233.99979938031936
2025-05-30 09:30:00,52,0.255726520833334,34.61538461538461,48.59396328939944,1.0,85.52457,104.27140729342176,279.29189270657827
2025-05-30 10:00:00,49,0.2383900530928793,36.734693877551024,42.68619243724312,1.0,77.77959,91.59469728619794,376.894992713802
2025-05-30 10:30:00,51,0.18429968750000136,35.294117647058826,34.347725422226816,1.0,92.50275,73.70227544055693,393.6588245594431
2025-05-30 11:00:00,51,0.24107285416666535,35.294117647058826,44.92847662408049,1.0,70.70562,96.40612059655638,347.9275794034436
2025-05-30 11:30:00,54,0.22472004166666792,33.333333333333336,44.3443990821565,1.0,73.80558,95.15282526638966,225.8218747336104
2025-05-30 12:00:00,54,0.17977867708333395,33.333333333333336,35.476040961539184,1.0,16.35685,76.12337965168024,185.36652034831974
2025-05-30 12:30:00,56,0.14297221874999955,32.142857142857146,29.257882502406158,1.0,7.283866,62.780649620669664,323.68015037933026
2025-05-30 13:00:00,58,0.12599852083333274,31.03448275862069,26.70524999222731,1.0,-7.300043,57.303290580120866,360.13220941987913
2025-05-30 13:30:00,54,0.0945787604166658,33.333333333333336,18.66339230585139,1.0,-5.24499,40.04732375934581,553.7518962406542
2025-05-30 14:00:00,58,0.0842032748010425,31.03448275862069,17.846792873866594,1.0,-29.46675,38.295090226530874,597.3529697734691
2025-05-30 14:30:00,63,0.08016327926305977,28.571428571428573,18.455220213171348,1.0,-28.28051,39.600634590699634,439.5271354093004
2025-05-30 15:00:00,65,0.07782462499999943,27.692307692307693,18.485602108932152,1.0,-59.39546,39.665827112831536,387.71200288716847
2025-05-30 15:30:00,62,0.08800912234940472,29.032258064516128,19.93988214830876,-1.0,-56.75712,-42.786375757967704,426.5855357579677
2025-05-30 16:00:00,58,0.11398969791666724,31.03448275862069,24.15999298459821,-1.0,-94.22594,-51.84175766237212,373.25981766237214
2025-05-30 16:30:00,55,0.1233732500000011,32.72727272727273,24.796301165052306,-1.0,-89.69821,-53.207127863874874,332.5975418638748
2025-05-30 17:00:00,56,0.093930249999999,32.142857142857146,19.221917670083126,-1.0,-72.26089,-41.245790025426615,275.8683400254266
2025-05-30 17:30:00,58,0.08332509221450313,31.03448275862069,17.66066302601404,-1.0,-51.27221,-37.89569861775608,208.92144861775608
2025-05-30 18:00:00,48,0.052564132943658026,37.5,9.220064303115281,1.0,-34.47623,19.78412574615817,70.71916425384183
2025-05-30 18:30:00,61,0.06231120833333392,29.508196721311474,13.889903090498398,1.0,-9.651801,29.804519828730676,12.350720171269323
2025-05-30 19:00:00,45,0.10304132288251444,40.0,16.944437138934685,-1.0,-19.84731,-36.35884349974526,56.35812349974526
2025-05-30 19:30:00,58,0.07999944725790631,31.03448275862069,16.95579618024538,-1.0,-7.19895,-36.38321737548609,11.497127375486087
2025-05-30 20:00:00,51,0.06967885416666575,35.294117647058826,12.98596966233056,-1.0,-24.40069,-27.864887737120874,0.8712477371208678
2025-05-30 20:30:00,41,0.12728150000000094,43.90243902439025,19.070072715604308,-1.0,-6.673908,-40.91996586904697,-2.476144130953031
2025-05-30 21:00:00,49,0.09122164583333325,36.734693877551024,16.33417450923002,1.0,0.3460971,35.04936102681079,-61.03980102681079
2025-05-30 21:30:00,52,0.07077568749999974,34.61538461538461,13.449020261760367,1.0,7.02984,28.858487237599185,-58.88775723759918
2025-05-30 22:00:00,39,0.08326783333333299,46.15384615384615,11.86711302860412,-1.0,10.07823,-25.46408014990178,-2.4972998500982193
2025-05-30 22:30:00,43,0.11824568749999997,41.86046511627907,18.580481909372395,-1.0,-10.9108,-39.869417222506364,6.7330572225063605
2025-05-30 23:00:00,52,0.07791068749999996,34.61538461538461,14.804835555927077,-1.0,-6.900387,-31.767753310645492,-8.034906689354518
2025-05-30 23:30:00,29,0.22167887500000005,62.06896551724138,23.492298702067714,-1.0,-8.003623,-50.4090401442187,19.314050144218704
2025-05-31 00:00:00,38,0.11540310416666677,47.36842105263158,16.025230870821197,-1.0,12.14019,-34.38643942563599,10.188129425636
2025-05-31 00:30:00,50,0.04596073958333302,36.0,8.397697382660533,1.0,11.30037,18.019516516886274,-58.355746516886285
2025-05-31 01:00:00,55,0.09022125000000014,32.72727272727273,18.133211911718778,-1.0,0.974031,-38.90967924398997,8.724039243989964
2025-05-31 01:30:00,51,0.07030845833333244,35.294117647058826,13.103308282567541,-1.0,1.095634,-28.116669280213234,3.3868692802132294
2025-05-31 02:00:00,52,0.052836193278433585,34.61538461538461,10.040100761379998,-1.0,8.995434,-21.543734342517055,-15.844015657482942
2025-05-31 02:30:00,59,0.04673250000000029,30.508474576271187,10.075676933437563,-1.0,-7.19559,-21.620072580344313,-12.614557419655682
2025-05-31 03:00:00,42,0.08981873269345775,42.857142857142854,13.78540154847507,-1.0,-2.656314,-29.580283686759476,1.6585636867594822
2025-05-31 03:30:00,62,0.05343248958333341,29.032258064516128,12.105989887644983,1.0,6.000381,25.97665464631987,-54.57287464631986
2025-05-31 04:00:00,31,0.09591262500000075,58.064516129032256,10.86527389423446,1.0,-2.930689,23.314365054629114,-61.47405505462912
2025-05-31 04:30:00,64,0.042044040541659444,28.125,9.833035967000423,-1.0,-4.899164,-21.099421179947925,-9.778948820052072
2025-05-31 05:00:00,65,0.03771652083333343,27.692307692307693,8.958765905499154,-1.0,7.274695,-19.223439813202106,4.726259813202105
2025-05-31 05:30:00,60,0.03412971875000048,30.0,7.483196808828231,-1.0,-0.4113531,-16.05720977445727,29.147229774457273
2025-05-31 06:00:00,63,0.039058375000001755,28.571428571428573,8.992033739391031,1.0,8.645213,19.29482489115615,26.64336510884385
2025-05-31 06:30:00,54,0.0861127812500001,33.333333333333336,16.99278582142971,-1.0,-9.863505,-36.462588591178026,127.67081059117803
2025-05-31 07:00:00,55,0.09552262309050885,32.72727272727273,19.19871390457831,1.0,-4.011425,41.196000110796994,91.349119889203
2025-05-31 07:30:00,53,0.10252785416666699,33.9622641509434,19.857334203370723,1.0,11.24979,42.60924695831396,112.72752304168604
2025-05-31 08:00:00,48,0.12249299781339706,37.5,21.48600677445673,-1.0,23.56105,-46.104001646174126,230.97330164617415
2025-05-31 08:30:00,54,0.14286598411408324,33.333333333333336,28.19199466070425,1.0,7.867523,60.493500811478974,208.06820918852102
2025-05-31 09:00:00,57,0.13041949999999947,31.57894736842105,27.165680845187392,-1.0,10.87592,-58.29126871052234,395.35943871052234
2025-05-31 09:30:00,51,0.1300545833333342,35.294117647058826,24.238126384427243,-1.0,36.78219,-52.00941386913741,426.49251386913744
2025-05-31 10:00:00,40,0.12510968621838958,45.0,18.287491350685706,1.0,15.20581,39.24072724107792,427.18138275892204
2025-05-31 10:30:00,53,0.10327877083333359,33.9622641509434,20.00276983479085,1.0,15.97186,42.921318189641006,426.524281810359
2025-05-31 11:00:00,50,0.10409867708333309,36.0,19.02034640883242,1.0,13.32029,40.81326471450788,412.875935285492
2025-05-31 11:30:00,47,0.1565007083333354,38.297872340425535,26.879264011627097,1.0,2.298486,57.67668442296387,240.90581557703615
2025-05-31 12:00:00,41,0.15245697916666767,43.90243902439025,22.842013008251023,1.0,4.627035,49.01367743150419,202.79692256849577
2025-05-31 12:30:00,51,0.10985985416666777,35.294117647058826,20.474457428705936,1.0,-13.84037,43.93345068287815,324.5417493171218
2025-05-31 13:00:00,44,0.1032649895833333,40.90909090909091,16.603857199282984,1.0,-11.43539,35.62803771237005,385.87626228762997
2025-05-31 13:30:00,54,0.10102295833333486,33.333333333333336,19.93503715809405,1.0,-16.8462,42.775979529427914,555.4458424705722
2025-05-31 14:00:00,46,0.12014679166666742,39.130434782608695,20.19636529995499,1.0,-30.06296,43.33672928665464,579.5756007133454
2025-05-31 14:30:00,51,0.1209136041666663,35.294117647058826,22.534532380736913,1.0,-26.29116,48.35389511337097,432.404464886629
2025-05-31 15:00:00,65,0.12069087499999931,27.692307692307693,28.667577819088375,-1.0,-68.78468,-61.51399228517157,502.11968228517156
2025-05-31 15:30:00,55,0.10400810416666406,32.72727272727273,20.90417715771215,-1.0,-104.6573,-44.85552984358329,438.9208198435833
2025-05-31 16:00:00,41,0.15591066666666697,43.90243902439025,23.35946504772227,-1.0,-73.36333,-50.12400984133849,378.1753198413385
2025-05-31 16:30:00,53,0.2752747083333327,33.9622641509434,53.314505853449525,-1.0,-102.0483,-114.4005999548768,394.9535159548768
2025-05-31 17:00:00,59,0.3377632291666668,30.508474576271187,72.82283586536029,-1.0,-175.1035,-156.26096462964236,398.2767946296424
2025-05-31 17:30:00,52,0.2824494687499991,34.61538461538461,53.67194247519254,-1.0,-189.4285,-115.16757628371394,311.58119628371395
2025-05-31 18:00:00,64,0.265892219662324,28.125,62.18545424278614,-1.0,-145.4975,-133.4356036872277,234.20095368722772
2025-05-31 18:30:00,44,0.14391944791666722,40.90909090909091,23.140640124498358,-1.0,-149.6244,-49.65446216193754,118.24670216193755
2025-05-31 19:00:00,63,0.11023204730749692,28.571428571428573,25.377663268149686,-1.0,-36.29748,-54.45459649029685,68.91567649029685
2025-05-31 19:30:00,56,0.14356279166666686,32.142857142857146,29.378737540930594,-1.0,-68.04846,-63.03997658419381,45.247236584193814
2025-05-31 20:00:00,41,0.14957362499999993,43.90243902439025,22.410011707015617,-1.0,-61.26804,-48.086702544435624,23.128832544435625
2025-05-31 20:30:00,34,0.14939400000000003,52.94117647058823,18.561594474500005,-1.0,-66.5659,-39.828889155211705,0.7504391552117085
2025-05-31 21:00:00,39,0.15419731250000002,46.15384615384615,21.97579620955469,-1.0,25.97901,-47.154976504326015,28.872126504326005
2025-05-31 21:30:00,31,0.228234416666667,58.064516129032256,25.8550889330174,-1.0,28.93864,-55.479041556801924,24.773141556801924
2025-05-31 22:00:00,40,0.16115892737139248,45.0,23.55686901208873,-1.0,-31.58741,-50.54759309688006,29.120093096880055
2025-05-31 22:30:00,38,0.15476656249999976,47.36842105263158,21.49136206565101,-1.0,-18.27231,-46.11549286260297,0.9958528626029732
2025-05-31 23:00:00,56,0.09961839111729653,32.142857142857146,20.385940764373938,-1.0,-9.122539,-43.74351439174155,32.37921439174155
2025-05-31 23:30:00,48,0.08771352771345187,37.5,15.38547904210574,1.0,21.38654,33.013679951348514,-70.02310995134852
2025-06-01 00:00:00,52,0.11638356250000004,34.61538461538461,22.115573094197924,-1.0,-3.195684,-47.454905373721594,32.9458953737216
2025-06-01 00:30:00,39,0.12782427083333348,46.15384615384615,18.21717954045575,1.0,12.35853,39.089854356757634,-80.55523435675764
2025-06-01 01:00:00,61,0.07630948403576321,29.508196721311474,17.010283807570875,-1.0,-3.866974,-36.50013522282184,13.826465222821831
2025-06-01 01:30:00,54,0.0581380833333332,33.333333333333336,11.472489725812475,-1.0,2.926981,-24.6173098033917,-1.5501901966082912
2025-06-01 02:00:00,47,0.09887814583333387,38.297872340425535,16.98249046370756,-1.0,-0.4344446,-36.440497134428874,8.903127134428878
2025-06-01 02:30:00,56,0.06567482741173014,32.142857142857146,13.439718573145594,1.0,7.660513,28.838527964956793,-67.0090679649568
2025-06-01 03:00:00,56,0.07214606250000016,32.142857142857146,14.763994278687534,-1.0,-13.27755,-31.680117374715216,-13.394172625284774
2025-06-01 03:30:00,55,0.07725637499999993,32.72727272727273,15.527453004765611,-1.0,-28.15914,-33.31832324206768,-4.693216757932326
2025-06-01 04:00:00,38,0.09581418927220886,47.36842105263158,13.305053749422513,-1.0,-40.27835,-28.549568396071628,-15.521981603928374
2025-06-01 04:30:00,47,0.04249537499999956,38.297872340425535,7.2986532525155505,1.0,-5.379834,15.661221980478473,-72.07562198047847
2025-06-01 05:00:00,70,0.03067895833333356,25.714285714285715,7.847690324566032,1.0,14.35745,16.839328565817482,-47.74322856581749
2025-06-01 05:30:00,66,0.04516337500000012,27.272727272727273,10.892649563468778,-1.0,2.244596,-23.37310690986042,28.592316909860426
2025-06-01 06:00:00,40,0.05528538541666683,45.0,8.08115692866322,-1.0,-10.71596,-17.34029390631154,32.28846790631154
2025-06-01 06:30:00,57,0.03800787500000036,31.57894736842105,7.916836070171951,1.0,-2.363989,16.98769934512074,42.39803065487926
2025-06-01 07:00:00,46,0.07334909374999976,39.130434782608695,12.329793174216107,-1.0,-0.8796633,-26.45688474215885,61.271884742158846
2025-06-01 07:30:00,43,0.1278695416666662,41.86046511627907,20.09272182291833,1.0,4.327828,43.11433435370721,89.1077656462928
2025-06-01 08:00:00,39,0.1405495000000001,46.15384615384615,20.030745797562517,1.0,43.4916,42.98134813597853,105.57448186402146
2025-06-01 08:30:00,48,0.18366420833333386,37.5,32.215804126916765,1.0,77.51747,69.12766537269924,174.84646462730075
2025-06-01 09:00:00,48,0.17187513541666666,37.5,30.147930002895837,1.0,79.52946,64.69048572276625,215.63540427723376
2025-06-01 09:30:00,44,0.2176482752375264,40.90909090909091,34.995412252454095,1.0,60.83225,75.09206159302633,248.29132840697363
2025-06-01 10:00:00,48,0.19218863541666686,37.5,33.71103978389587,1.0,133.57,72.33609530174202,419.787884698258
2025-06-01 10:30:00,44,0.16037464583333305,40.90909090909091,25.78645219978815,1.0,78.48422,55.331763000343905,414.23583699965604
2025-06-01 11:00:00,48,0.24832521875000002,37.5,43.55773332006251,1.0,72.68759,93.46482246664712,397.88737753335295
2025-06-01 11:30:00,44,0.20991328125000142,40.90909090909091,33.75171159335961,1.0,39.6064,72.42336759901684,224.3230324009832
2025-06-01 12:00:00,49,0.17618004166666523,36.734693877551024,31.546849646678563,1.0,24.39381,67.69224376170064,232.4497562382993
2025-06-01 12:30:00,43,0.16813493749999942,41.86046511627907,26.41980634221606,1.0,41.56201,56.69079451939851,337.78300548060145
2025-06-01 13:00:00,54,0.1532860833333326,33.333333333333336,30.248211074812353,1.0,35.01815,64.90566571192159,330.8736342880784
2025-06-01 13:30:00,58,0.13155415625000044,31.03448275862069,27.88276090018499,1.0,23.6289,59.82995667534934,552.6845793246507
2025-06-01 14:00:00,50,0.11082730622999215,36.0,20.249765079768753,1.0,6.607009,43.45131286480774,591.3955071351922
2025-06-01 14:30:00,50,0.09275788541666741,36.0,16.94821838478746,1.0,-7.250265,36.36695717888773,479.68884082111225
2025-06-01 15:00:00,68,0.09101183333333429,26.470588235294116,22.615697320028016,-1.0,-33.46549,-48.528056302742705,466.5125263027427
2025-06-01 15:30:00,65,0.08832527083333397,27.692307692307693,20.979809575551364,-1.0,-96.74195,-45.01781952137994,451.81645752137996
2025-06-01 16:00:00,61,0.10174862500000037,29.508196721311474,22.680968298369876,-1.0,-86.33186,-48.66811272758281,384.88565972758283
2025-06-01 16:30:00,47,0.12113664583333161,38.297872340425535,20.805425863644672,-1.0,-83.34414,-44.64363240391286,350.99184240391287
2025-06-01 17:00:00,56,0.10567854166666657,32.142857142857146,21.626091992847204,-1.0,-91.49417,-46.40459212848549,279.1535021284855
2025-06-01 17:30:00,52,0.11825393749999913,34.61538461538461,22.470987674551917,-1.0,-80.11372,-48.21754286935876,231.50070286935878
2025-06-01 18:00:00,38,0.12481906249999997,47.36842105263158,17.332759877526037,-1.0,-50.38642,-37.1920942925611,147.2388842925611
2025-06-01 18:30:00,47,0.15557468749999992,38.297872340425535,26.72021835154947,-1.0,-37.84896,-57.335409217617055,119.98973421761706
2025-06-01 19:00:00,45,0.1314839166666668,40.0,21.621626143906276,-1.0,-46.76729,-46.395009449438355,52.048979449438356
2025-06-01 19:30:00,58,0.06156765060204861,31.03448275862069,13.04919684681605,1.0,-26.84566,28.000558652996574,-53.65677865299658
2025-06-01 20:00:00,52,0.06153099999999978,34.61538461538461,11.692315468166626,-1.0,-5.277645,-25.089005009194942,-9.319764990805055
2025-06-01 20:30:00,58,0.05217255664556386,31.03448275862069,11.057916860757562,-1.0,-20.97352,-23.727732309835588,6.637492309835579
2025-06-01 21:00:00,49,0.0707363124999999,36.734693877551024,12.666064747674461,-1.0,-19.87959,-27.1784457720435,-4.2898842279565095
2025-06-01 21:30:00,48,0.11322935416666668,37.5,19.86110809695834,-1.0,0.8380437,-42.617344861195704,8.360094861195698
2025-06-01 22:00:00,49,0.0441162291666668,36.734693877551024,7.899464861816863,1.0,-30.94985,16.95042474928699,-38.461854749286985
2025-06-01 22:30:00,63,0.03986387598241936,28.571428571428573,9.17747647762608,1.0,-4.104308,19.692742121593955,-56.019562121593964
2025-06-01 23:00:00,55,0.07386647916666611,32.72727272727273,14.84613125956152,-1.0,-1.195934,-31.856364340527772,-7.004265659472221
2025-06-01 23:30:00,62,0.05642929166666644,29.032258064516128,12.78496359819092,-1.0,-1.089521,-27.43357520849401,-11.507924791505989
2025-06-02 00:00:00,44,0.05853101614648509,40.90909090909091,9.411133800007836,-1.0,-21.07544,-20.194116699420853,-3.9107533005791524
2025-06-02 00:30:00,43,0.08308006249999988,41.86046511627907,13.054747542575504,-1.0,-3.725393,-28.012469162432673,-9.342470837567319
2025-06-02 01:00:00,67,0.05172943749999992,26.865671641791046,12.665308309299459,-1.0,12.02568,-27.176822630226013,2.5471726302260222
2025-06-02 01:30:00,68,0.0309805405410839,26.470588235294116,7.6984113167115975,-1.0,-12.7614,-16.519010337488425,-10.320539662511571
2025-06-02 02:00:00,43,0.04828324999999978,41.86046511627907,7.586966358927049,-1.0,-1.386196,-16.279875231040215,-21.980774768959783
2025-06-02 02:30:00,59,0.03828920833333338,30.508474576271187,8.25527616121008,-1.0,-6.484912,-17.713913512236385,-18.829836487763618
2025-06-02 03:00:00,52,0.051292770833332946,34.61538461538461,9.746814740857564,-1.0,-8.056066,-20.91441036831813,-9.973519631681874
2025-06-02 03:30:00,72,0.02720993443109998,25.0,7.159178638232285,1.0,-16.59544,15.361941713371799,-59.9171017133718
2025-06-02 04:00:00,72,0.0333954984416554,25.0,8.786656199485511,1.0,-4.401222,18.854132186490897,-56.50694218649089
2025-06-02 04:30:00,71,0.0279500208333332,25.35211267605634,7.251764503223056,1.0,-18.91587,15.560609568071612,-43.45594956807161
2025-06-02 05:00:00,78,0.023880010416666875,23.076923076923077,6.806632799112038,1.0,-9.441099,14.605459872992101,-41.484039872992106
2025-06-02 05:30:00,64,0.042585958333333174,28.125,9.959776809888853,-1.0,-12.05891,-21.371377718475703,11.655247718475703
2025-06-02 06:00:00,45,0.11244504166666758,40.0,18.490814042422027,1.0,-12.66183,39.67701071677988,7.897799283220117
2025-06-02 06:30:00,54,0.13371980208333384,33.333333333333336,26.387162554757914,1.0,36.00872,56.620748500773175,49.82450149922683
2025-06-02 07:00:00,52,0.2384616620579666,34.61538461538461,45.313240152851336,1.0,56.47281,97.23173414820654,42.47562285179346
2025-06-02 07:30:00,44,0.29837969791666674,40.90909090909091,47.976123518373285,1.0,105.1639,102.94566602751443,79.26485397248554
2025-06-02 08:00:00,46,0.2436213125000002,39.130434782608695,40.95211327619275,1.0,154.2034,87.8737644327881,136.7358155672119
2025-06-02 08:30:00,43,0.2772301458333333,41.86046511627907,43.56243190170399,1.0,132.2976,93.47490453624746,199.53037546375256
2025-06-02 09:00:00,49,0.2659852083333327,36.734693877551024,47.627388983185654,1.0,157.6644,102.19736236396527,248.63606763603474
2025-06-02 09:30:00,49,0.21356127083333365,36.734693877551024,38.24034344412072,1.0,173.9716,82.05493350183417,323.89052649816585
2025-06-02 10:00:00,46,0.19336497649849915,39.130434782608695,32.504153023208424,1.0,96.93649,69.74639542006697,406.4210945799331
2025-06-02 10:30:00,42,0.1971504687500002,42.857142857142854,30.25870323136722,1.0,183.7734,64.92817945345371,417.74711054654625
2025-06-02 11:00:00,47,0.1488467916666676,38.297872340425535,25.564690748685926,1.0,73.98963,54.85591421122272,422.0289857887773
2025-06-02 11:30:00,45,0.24287516666666553,40.0,39.93915139156232,1.0,36.66835,85.70018248772266,204.35121751227734
2025-06-02 12:00:00,45,0.17239302083333152,40.0,28.348847074023144,1.0,55.20214,60.830069816495666,209.8387301835043
2025-06-02 12:30:00,51,0.16231712499999928,35.294117647058826,30.250859979484243,1.0,47.07219,64.91134964875711,306.30295035124294
2025-06-02 13:00:00,56,0.18101683333333407,32.142857142857146,37.043345112277926,1.0,59.18409,79.48645190164427,345.4304480983557
2025-06-02 13:30:00,49,0.19024287228561843,36.734693877551024,34.064944198967254,1.0,37.52575,73.0954923319262,549.3698276680739
2025-06-02 14:00:00,57,0.14621202083333307,31.57894736842105,30.455178049971302,1.0,44.42379,65.34976897706511,548.252071022935
2025-06-02 14:30:00,49,0.12724312500000057,36.734693877551024,22.784191075078226,1.0,52.58893,48.889604934917585,448.4113150650824
2025-06-02 15:00:00,57,0.10559804002153217,31.57894736842105,21.99550414702004,1.0,21.8313,47.197265180434286,388.3194048195657
2025-06-02 15:30:00,60,0.06977597916666733,30.0,15.298906752135563,1.0,-1.530376,32.82791583793294,344.038054162067
2025-06-02 16:00:00,56,0.06354422916666658,32.142857142857146,13.003712238076371,1.0,-15.9678,27.90295920149204,295.26502379850797
2025-06-02 16:30:00,58,0.06477897916666608,31.03448275862069,13.729834457147447,-1.0,-23.81831,-29.461049559313913,308.9255995593139
2025-06-02 17:00:00,54,0.09789551041666744,33.333333333333336,19.317892387664216,-1.0,-43.336,-41.45172957407323,230.50619357407322
2025-06-02 17:30:00,61,0.11046910069938876,29.508196721311474,24.62486516070617,-1.0,-58.90936,-52.8392658451407,237.28624584514068
2025-06-02 18:00:00,58,0.12290607291666722,31.03448275862069,26.049809006441958,-1.0,-59.24955,-55.89686580306353,157.3899458030635
2025-06-02 18:30:00,56,0.13279675264109758,32.142857142857146,27.175571726058422,-1.0,-72.21529,-58.31249225348902,126.89169225348903
2025-06-02 19:00:00,60,0.10145501705661308,30.0,22.244773402290342,-1.0,-51.01935,-47.732139355796875,67.25403935579688
2025-06-02 19:30:00,52,0.08153666666666659,34.61538461538461,15.493855599444428,-1.0,-39.20938,-33.246230980043606,24.184180980043607
2025-06-02 20:00:00,51,0.09540614603527042,35.294117647058826,17.780736104679058,-1.0,-26.30545,-38.15334767625934,12.429747676259339
2025-06-02 20:30:00,55,0.08696377083333351,32.72727272727273,17.478504068198824,-1.0,-32.04502,-37.50482762068639,-3.5208523793136095
2025-06-02 21:00:00,65,0.057493687499999835,27.692307692307693,13.65641570261715,-1.0,-11.656,-29.303509891042516,5.48940989104252
2025-06-02 21:30:00,63,0.057533477718421766,28.571428571428573,13.245378815389204,-1.0,-10.97785,-28.42151978816661,-16.061590211833394
2025-06-02 22:00:00,58,0.045541343750000074,31.03448275862069,9.652438471356787,1.0,-15.21979,20.711900719591945,-52.15019071959195
2025-06-02 22:30:00,63,0.041217250000000316,28.571428571428573,9.489050751468824,-1.0,-3.485451,-20.361308458044558,-12.66408154195545
2025-06-02 23:00:00,59,0.034860926299005834,30.508474576271187,7.516127555537535,1.0,-9.886214,16.127871541272892,-41.7140315412729
2025-06-02 23:30:00,69,0.03185295833333368,26.08695652173913,8.031600013536545,1.0,-5.967898,17.233956227069267,-52.97973622706927
2025-06-03 00:00:00,72,0.03171591666666679,25.0,8.344743118250033,1.0,-5.571026,17.905888911757895,-53.4620289117579
2025-06-03 00:30:00,63,0.04586189583333333,28.571428571428573,10.55834285696094,1.0,-4.84486,22.655762030052983,-40.19060203005298
2025-06-03 01:00:00,67,0.03318193749999965,26.865671641791046,8.124184005236893,-1.0,-10.32505,-17.432620062121053,-18.164189937878945
2025-06-03 01:30:00,67,0.027363791666666915,26.865671641791046,6.699683482345546,1.0,-7.895689,14.375971372498773,-36.341181372498774
2025-06-03 02:00:00,59,0.04460810416666694,30.508474576271187,9.617650376000928,1.0,0.05440586,20.63725351211454,-56.89172351211454
2025-06-03 02:30:00,63,0.03203441666666684,28.571428571428573,7.374975417906291,-1.0,-7.245932,-15.824991697008464,-15.45926830299154
2025-06-03 03:00:00,69,0.029769833333333717,26.08695652173913,7.50634811689593,1.0,1.669304,16.10688712755823,-48.729507127558236
2025-06-03 03:30:00,65,0.032991541666666846,27.692307692307693,7.836446525894139,-1.0,-1.049333,-16.815201974128303,-18.074928025871696
2025-06-03 04:00:00,71,0.0348956250000001,25.35211267605634,9.0538342064844,-1.0,-1.908564,-19.427434401453535,-1.8246555985464745
2025-06-03 04:30:00,68,0.03211665625000015,26.470588235294116,7.980726792098997,1.0,-6.902117,17.124794058895176,-50.90243405889518
2025-06-03 05:00:00,68,0.024946010416666387,26.470588235294116,6.198879862789862,1.0,-0.8976955,13.301362621660333,-50.85522262166033
2025-06-03 05:30:00,49,0.03975966666666686,36.734693877551024,7.1193775099028125,-1.0,0.07183573,-15.276537696455865,19.958067696455867
2025-06-03 06:00:00,54,0.11504356250000031,33.333333333333336,22.701747514359436,1.0,1.696885,48.71270011965827,-0.5286001196582717
2025-06-03 06:30:00,52,0.1715073645833337,34.61538461538461,32.59037252477959,1.0,72.38203,69.93140253116475,51.25953746883525
2025-06-03 07:00:00,58,0.1894365394987635,31.03448275862069,40.15086932384513,1.0,97.74203,86.15448020813925,51.54658779186077
2025-06-03 07:30:00,48,0.2877586979166662,37.5,50.47460216677076,1.0,116.8852,108.30682340439796,80.08993659560204
2025-06-03 08:00:00,54,0.2653928778061795,33.333333333333336,52.37044101502956,1.0,112.9004,112.37485513772663,110.4038048622734
2025-06-03 08:30:00,44,0.3468008854166662,40.90909090909091,55.76170976511278,1.0,145.0871,119.65173360461472,184.22806639538527
2025-06-03 09:00:00,43,0.38130174999999933,41.86046511627907,59.915675722947825,1.0,127.7037,128.5651838966372,234.88754610336284
2025-06-03 09:30:00,46,0.2692292708333327,39.130434782608695,45.256744918133585,1.0,182.2525,97.11050843968984,306.31897156031016
2025-06-03 10:00:00,47,0.3251308958333343,38.297872340425535,55.84178679132223,1.0,234.0666,119.82356038410592,365.72536961589407
2025-06-03 10:30:00,45,0.24239981249999953,40.0,39.86098266691399,1.0,243.4607,85.53245048206442,378.6246495179356
2025-06-03 11:00:00,43,0.273819625,41.86046511627907,43.02652127371355,1.0,134.0073,92.3249642642167,389.2823357357833
2025-06-03 11:30:00,46,0.21718554166666748,39.130434782608695,36.5083284915175,1.0,162.3131,78.33842996237944,245.67937003762057
2025-06-03 12:00:00,44,0.22305002083333336,40.90909090909091,35.86395262476737,1.0,66.24772,76.95574837183274,213.31565162816725
2025-06-03 12:30:00,51,0.19204575000000013,35.294117647058826,35.791350376031275,1.0,94.36695,76.79996073616914,311.1000392638308
2025-06-03 13:00:00,52,0.20695827083333285,34.61538461538461,39.32686599160755,1.0,61.11633,84.38635961762087,311.29444038237915
2025-06-03 13:30:00,54,0.17592135416666688,33.333333333333336,34.71486868007817,1.0,66.29002,74.49007996570879,532.1311920342912
2025-06-03 14:00:00,48,0.14674223958333255,37.5,25.739469276354033,1.0,60.71056,55.230948512008,573.549111487992
2025-06-03 14:30:00,54,0.11726596874999917,33.333333333333336,23.140298828882653,1.0,34.18506,49.653729820474865,459.22113217952506
2025-06-03 15:00:00,58,0.08445354166666597,31.03448275862069,17.899836664913046,1.0,-1.522866,38.40890993511592,380.5167500648841
2025-06-03 15:30:00,49,0.06829464583333267,36.734693877551024,12.22885920218825,1.0,-21.6545,26.2403037803554,360.5680762196446
2025-06-03 16:00:00,58,0.07603924290752218,31.03448275862069,16.116435158402844,-1.0,-43.68261,-34.58214273472185,355.5733527347219
2025-06-03 16:30:00,60,0.0726966770833335,30.0,15.939291675598994,1.0,-52.38243,34.20203378713896,262.04685621286103
2025-06-03 17:00:00,50,0.09185808424725228,36.0,16.78381158903493,-1.0,-60.01803,-36.014178216208265,255.25155821620825
2025-06-03 17:30:00,55,0.09901633977278945,32.72727272727273,19.900902191254687,-1.0,-86.06021,-42.702733784703256,239.64423378470326
2025-06-03 18:00:00,53,0.13200258333333337,33.9622641509434,25.565924833434035,-1.0,-70.82298,-54.85856227169554,153.10420227169556
2025-06-03 18:30:00,63,0.11710627083333347,28.571428571428573,26.9602495861016,-1.0,-82.83182,-57.85046073691941,133.5277207369194
2025-06-03 19:00:00,39,0.1242403333333324,46.15384615384615,17.706406175791535,-1.0,-30.86903,-37.99385283853712,35.348222838537126
2025-06-03 19:30:00,29,0.18262262500000048,62.06896551724138,19.35333376378651,-1.0,-29.38699,-41.52777857099653,26.15098857099653
2025-06-03 20:00:00,48,0.12029744791666663,37.5,21.10089414927083,1.0,-22.14971,45.2776390143499,-97.12270901434991
2025-06-03 20:30:00,34,0.1438294230342989,52.94117647058823,17.87021850853425,-1.0,-13.35549,-38.34535622107409,17.97688622107409
2025-06-03 21:00:00,37,0.11374539583333387,48.648648648648646,15.379377528271776,-1.0,-10.23009,-33.00058751370768,5.3735375137076815
2025-06-03 21:30:00,46,0.04842707291666748,39.130434782608695,8.140465854020103,-1.0,3.26699,-17.467557144240764,-12.150832855759234
2025-06-03 22:00:00,70,0.039854158410671414,25.714285714285715,10.194710327349087,-1.0,11.20399,-21.875490715805892,-10.317749284194111
2025-06-03 22:30:00,55,0.04483560416666643,32.72727272727273,9.011330607191793,-1.0,6.505729,-19.336231506828916,-6.282038493171086
2025-06-03 23:00:00,60,0.04466611458333275,30.0,9.79338061825508,1.0,10.71229,21.01432997230629,-56.7868899723063
2025-06-03 23:30:00,63,0.04048285416666619,28.571428571428573,9.319977867320205,1.0,0.05109478,19.998517148754914,-52.44147714875492
2025-06-04 00:00:00,65,0.04101957894429509,27.692307692307693,9.743337857910344,-1.0,-0.9779446,-20.906949781583474,-6.797910218416522
2025-06-04 00:30:00,61,0.03995125000000099,29.508196721311474,8.905604716823138,1.0,1.041287,19.1093681964536,-55.1398181964536
2025-06-04 01:00:00,52,0.043740006973670253,34.61538461538461,8.311614635158906,-1.0,3.574059,-17.834802848395746,-4.146557151604256
2025-06-04 01:30:00,73,0.03314074060501271,24.65753424657534,8.840733052064348,1.0,1.018341,18.970168606216806,-43.732268606216806
2025-06-04 02:00:00,61,0.03877124975935575,29.508196721311474,8.64256874901381,1.0,-3.527034,18.544953839696472,-57.93670383969648
2025-06-04 02:30:00,43,0.0629139583333328,41.86046511627907,9.885956007144014,-1.0,0.6521662,-21.21297534771428,-16.00783465228572
2025-06-04 03:00:00,56,0.04434755208333302,32.142857142857146,9.07529784085063,1.0,-0.8597735,19.47349039708554,-44.156820397085546
2025-06-04 03:30:00,67,0.0257318541666669,26.865671641791046,6.300123916691898,1.0,-10.30359,13.518608947455686,-32.135718947455686
2025-06-04 04:00:00,48,0.033336270833333015,37.5,5.847381921791611,1.0,-10.77474,12.547129328311671,-51.09595932831168
2025-06-04 04:30:00,65,0.027151020833333317,27.692307692307693,6.4491536962282945,-1.0,1.631003,-13.838392389451215,-13.409747610548791
2025-06-04 05:00:00,61,0.025311083333332984,29.508196721311474,5.642138934857561,1.0,7.563265,12.106725343206236,-37.703765343206236
2025-06-04 05:30:00,52,0.04500317708333457,34.61538461538461,8.551646219435998,-1.0,-1.220976,-18.34985511812699,25.503685118126985
2025-06-04 06:00:00,54,0.10936886002656399,33.333333333333336,21.58194854454692,1.0,-2.773626,46.30987049712476,2.862439502875233
2025-06-04 06:30:00,52,0.12698748958333406,34.61538461538461,24.130564897675484,1.0,4.432822,51.77861179342721,50.39505820657279
2025-06-04 07:00:00,50,0.1582671458333329,36.0,28.917715606293324,1.0,41.61235,62.050730129207686,72.00866987079232
2025-06-04 07:30:00,46,0.16317758333333388,39.130434782608695,27.429730216243147,1.0,66.6414,58.85785759628487,122.98718240371514
2025-06-04 08:00:00,37,0.20019089583333338,48.648648648648646,27.067569128292543,1.0,39.65123,58.08074365555463,168.29448634444537
2025-06-04 08:30:00,50,0.25367497169798736,36.0,46.35011675589289,1.0,45.07527,99.45663154842232,178.6833184515777
2025-06-04 09:00:00,50,0.2944147604166669,36.0,53.79387027671446,1.0,89.57576,115.42920514854161,240.2762348514584
2025-06-04 09:30:00,56,0.27426137500000114,32.142857142857146,56.12493920045857,1.0,76.97042,120.43113997178712,270.4892700282129
2025-06-04 10:00:00,53,0.24983824999999982,33.9622641509434,48.38803725444788,1.0,104.5951,103.82953764523364,346.02700235476635
2025-06-04 10:30:00,54,0.23355665625000077,33.333333333333336,46.08814370196109,1.0,84.06636,98.89449795903502,356.34570204096497
2025-06-04 11:00:00,59,0.2201147499999998,30.508474576271187,47.45744630148955,1.0,92.49409,101.83270467028963,386.21389532971045
2025-06-04 11:30:00,62,0.25700813538351297,29.032258064516128,58.229326618645615,1.0,67.2602,124.9466687068718,214.7143312931282
2025-06-04 12:00:00,59,0.22233414583333322,30.508474576271187,47.935955163717864,1.0,85.72341,102.85947402782843,212.95532597217152
2025-06-04 12:30:00,52,0.20087469791666657,34.61538461538461,38.170846201335046,1.0,63.18705,81.90580849087102,337.99849150912894
2025-06-04 13:00:00,47,0.20737089583333357,38.297872340425535,35.61630561798876,1.0,65.29957,76.42435516656927,367.70374483343073
2025-06-04 13:30:00,63,0.12481487500000132,28.571428571428573,28.734927328078435,1.0,46.96684,61.65850875609804,536.0682682439019
2025-06-04 14:00:00,48,0.09118652083333267,37.5,15.994662873291553,1.0,33.73892,34.320847572146384,586.9061324278537
2025-06-04 14:30:00,58,0.07149329538449556,31.03448275862069,15.152926505673834,1.0,-65.67805,32.51467598867525,461.54653401132475
2025-06-04 15:00:00,61,0.061387499999999706,29.508196721311474,13.683997610937437,-1.0,-56.80186,-29.362694287657103,474.3845342876571
2025-06-04 15:30:00,59,0.07189977083333354,30.508474576271187,15.501821270098137,-1.0,-81.62704,-33.26332346711143,425.2861434671114
2025-06-04 16:00:00,57,0.09721316835208782,31.57894736842105,20.248980446960005,-1.0,-89.45656,-43.44962922425573,362.0384492242557
2025-06-04 16:30:00,60,0.10947981249999972,30.0,24.00426998921869,-1.0,-97.23575,-51.50761212706214,326.4760581270621
2025-06-04 17:00:00,56,0.1411918755537176,32.142857142857146,28.89355247727129,-1.0,-81.02028,-61.99888164233422,274.2006916423342
2025-06-04 17:30:00,56,0.1450764895833333,32.142857142857146,29.688501187163187,-1.0,-113.6271,-63.70465773252196,224.66345773252195
2025-06-04 18:00:00,53,0.13967485416666636,33.9622641509434,27.051870748078933,-1.0,-83.23725,-58.047058562051305,145.6081785620513
2025-06-04 18:30:00,62,0.112311961320679,29.032258064516128,25.44608118791107,-1.0,-78.28841,-54.60140552365603,136.29386852365604
2025-06-04 19:00:00,50,0.10692521448195536,36.0,19.53679601189777,-1.0,-51.12956,-41.92144612764033,29.70775612764033
2025-06-04 19:30:00,51,0.08203814583333324,35.294117647058826,15.289356946044254,-1.0,-22.51649,-32.80742416256599,18.37548416256599
2025-06-04 20:00:00,46,0.07474391666666658,39.130434782608695,12.564259303215264,-1.0,-21.03967,-26.959994831940644,-6.534585168059362
2025-06-04 20:30:00,52,0.05146420833333232,34.61538461538461,9.779391837492863,1.0,-6.461765,20.984313283860672,-64.02292328386068
2025-06-04 21:00:00,58,0.06593444095149936,31.03448275862069,13.974733330692594,1.0,2.58031,29.986545906196504,-49.06138590619651
2025-06-04 21:30:00,56,0.05040302083333331,32.142857142857146,10.314490984340273,-1.0,12.61003,-22.13251230502305,-10.430247694976956
2025-06-04 22:00:00,46,0.0713808645833327,39.130434782608695,11.998938935891388,-1.0,5.555193,-25.746948060648506,-5.90508193935149
2025-06-04 22:30:00,56,0.04586198958333326,32.142857142857146,9.385212835663179,1.0,-5.138629,20.138496304465136,-52.57411630446514
2025-06-04 23:00:00,64,0.04530403125000054,28.125,10.595465207250127,1.0,-3.203682,22.735418008793403,-57.5070880087934
2025-06-04 23:30:00,50,0.0651584850957041,36.0,11.905405454892785,1.0,-3.737406,25.546246841143237,-58.22312684114324
2025-06-05 00:00:00,62,0.03976821874999986,29.032258064516128,9.010129563330699,-1.0,-9.95545,-19.333654344458527,-6.092955655541477
2025-06-05 00:30:00,58,0.031012638788625646,31.03448275862069,6.573095194223852,1.0,-0.6078016,14.104342181220325,-37.11069218122033
2025-06-05 01:00:00,43,0.039261916666666785,41.86046511627907,6.169403280371547,-1.0,-0.9217975,-13.238112692597053,-24.541427307402945
2025-06-05 01:30:00,68,0.02518258333333301,26.470588235294116,6.257666300569364,-1.0,0.7601275,-13.427504722079892,-23.147655277920112
2025-06-05 02:00:00,66,0.02846819919321386,27.272727272727273,6.8660528030666965,1.0,11.31064,14.732961459903917,-51.18952145990392
2025-06-05 02:30:00,69,0.025700229166666033,26.08695652173913,6.480213195986819,1.0,-4.799608,13.90503889305833,-51.968378893058336
2025-06-05 03:00:00,68,0.026644083333332902,26.470588235294116,6.620837114986005,-1.0,-1.01121,-14.206785302295133,-11.339144697704866
2025-06-05 03:30:00,68,0.02821046874999994,26.470588235294116,7.010071098880194,-1.0,0.3785811,-15.041991416794664,-25.287788583205327
2025-06-05 04:00:00,68,0.028850293717295583,26.470588235294116,7.169062378015928,1.0,1.580539,15.383149933216409,-39.43644993321641
2025-06-05 04:30:00,71,0.027874333333333223,25.35211267605634,7.232127024986083,-1.0,-0.8810837,-15.51847208117291,-18.219067918827093
2025-06-05 05:00:00,85,0.019856562499999897,21.176470588235293,6.167742024153615,1.0,-4.896191,13.23454802093841,-32.02367802093842
2025-06-05 05:30:00,59,0.06639616666666581,30.508474576271187,14.315226554367873,1.0,-6.838768,30.717165621140403,-39.609475621140405
2025-06-05 06:00:00,52,0.13713279166666714,34.61538461538461,26.05840732634037,1.0,-0.226438,55.9153158091029,-20.0757558091029
2025-06-05 06:30:00,49,0.198026854166667,36.734693877551024,35.45874626491585,1.0,44.28982,76.0862692323286,19.532500767671408
2025-06-05 07:00:00,53,0.1686015000000003,33.9622641509434,32.65430999118755,1.0,67.02074,70.06859754778502,60.885562452214984
2025-06-05 07:30:00,47,0.23817866666666632,38.297872340425535,40.9075928885555,1.0,90.10914,87.77823397678189,101.1252860232181
2025-06-05 08:00:00,44,0.23288407619474172,40.90909090909091,37.44515891326363,1.0,115.425,80.34865139439152,157.3876486056085
2025-06-05 08:30:00,46,0.23966079166666698,39.130434782608695,40.28635995545492,1.0,171.6358,86.4452117697715,191.6562182302285
2025-06-05 09:00:00,48,0.2890115833333333,37.5,50.69436578616667,1.0,175.6174,108.77838530869948,229.16075469130053
2025-06-05 09:30:00,45,0.29811041666666527,40.0,49.022208511718524,1.0,159.9606,105.19032250377334,296.6191474962267
2025-06-05 10:00:00,41,0.28921123372160595,43.90243902439025,43.33135025310526,1.0,222.3125,92.97905675870409,369.0311732412959
2025-06-05 10:30:00,51,0.25198656249999973,35.294117647058826,46.96245216824214,1.0,218.2451,100.77056173355669,368.81303826644324
2025-06-05 11:00:00,48,0.2815499895833332,37.5,49.38555747285415,1.0,137.0328,105.96998534564901,376.30851465435103
2025-06-05 11:30:00,56,0.2767592119630451,32.142857142857146,56.6360973891882,1.0,165.3623,121.52796723345693,190.63253276654302
2025-06-05 12:00:00,46,0.26604719335244387,39.130434782608695,44.721845913962994,1.0,113.6556,95.96273887842658,189.33386112157342
2025-06-05 12:30:00,46,0.20815306249999965,39.130434782608695,34.98999207750515,1.0,112.4212,75.08043115106511,331.99636884893494
2025-06-05 13:00:00,56,0.21224876041666685,32.142857142857146,43.43465708125351,1.0,82.55524,93.200729320991,321.03687067900904
2025-06-05 13:30:00,45,0.25048024999999985,40.0,41.18975506078123,1.0,68.84087,88.38368874505687,510.6183112549431
2025-06-05 14:00:00,58,0.1577526249999991,31.03448275862069,33.435497970072724,1.0,71.9662,71.74484629156323,535.0752037084368
2025-06-05 14:30:00,50,0.11684800905674309,36.0,21.349835288132372,1.0,3.753767,45.81180912778007,441.00537087221994
2025-06-05 15:00:00,52,0.1217341145833335,34.61538461538461,23.132301944487878,1.0,1.446862,49.63657035593726,392.27910964406277
2025-06-05 15:30:00,51,0.10626245833333225,35.294117647058826,19.804014814317508,1.0,12.54788,42.494835880141686,324.2346041198583
2025-06-05 16:00:00,55,0.0675082083333336,32.72727272727273,13.5682075729254,1.0,12.16256,29.114235643891618,296.11466435610834
2025-06-05 16:30:00,65,0.054335270833334004,27.692307692307693,12.906200281801373,-1.0,-23.10536,-27.69372109411283,331.00924109411284
2025-06-05 17:00:00,61,0.056739479166665996,29.508196721311474,12.647898959275027,-1.0,-31.69221,-27.139466191190564,248.70415619119055
2025-06-05 17:30:00,66,0.06534344910440504,27.272727272727273,15.759745421209997,-1.0,-43.9273,-33.81676904740353,221.96412904740353
2025-06-05 18:00:00,54,0.09918737499999963,33.333333333333336,19.572818286656176,-1.0,-44.95117,-41.998741598697094,156.0559915986971
2025-06-05 18:30:00,58,0.12061309374999962,31.03448275862069,25.563814556127525,-1.0,-45.75229,-54.85403410462222,105.18809410462222
2025-06-05 19:00:00,56,0.08748898167616415,32.142857142857146,17.903774373204122,-1.0,-31.57974,-38.41735934646721,62.951559346467214
2025-06-05 19:30:00,53,0.10020750000000045,33.9622641509434,19.407933905937586,-1.0,-35.7462,-41.6449378491276,5.292217849127596
2025-06-05 20:00:00,58,0.04568811458333333,31.03448275862069,9.683546390480034,-1.0,-36.7038,-20.77865111995821,4.391421119958206
2025-06-05 20:30:00,61,0.07233645833333457,29.508196721311474,16.124649529904794,-1.0,-11.0973,-34.599768876295,3.011528876295003
2025-06-05 21:00:00,48,0.0627125520833336,37.5,11.000157910729213,-1.0,-15.29111,-23.603794960511372,-7.852275039488632
2025-06-05 21:30:00,52,0.08075033333333337,34.61538461538461,15.344434049388894,-1.0,-14.14701,-32.92560688911555,4.904826889115547
2025-06-05 22:00:00,51,0.05712625000000027,35.294117647058826,10.6465549454688,-1.0,-17.74526,-22.845044771907734,-4.391725228092259
2025-06-05 22:30:00,54,0.06620568124689152,33.333333333333336,13.064482940391287,-1.0,-13.85867,-28.03335907472008,-5.553820925279915
2025-06-05 23:00:00,53,0.05034203649913194,33.9622641509434,9.75011767647577,-1.0,-8.718434,-20.921497704312085,-19.37798229568791
2025-06-05 23:30:00,74,0.02885244745762272,24.324324324324323,7.802209114742314,-1.0,-13.09565,-16.741736407600555,-5.871123592399449
2025-06-06 00:00:00,66,0.04270932291666729,27.272727272727273,10.300773306341299,-1.0,-5.561553,-22.103077340411648,-11.893682659588347
2025-06-06 00:30:00,72,0.03067339583333306,25.0,8.070446504312429,-1.0,-9.634872,-17.317311812566363,-3.5921081874336416
2025-06-06 01:00:00,77,0.02377958333333352,23.376623376623378,6.69111005730908,1.0,-4.469373,14.357574785075908,-48.52746478507591
2025-06-06 01:30:00,69,0.038959666666666615,26.08695652173913,9.823528981291654,-1.0,-2.60227,-21.079021387219182,-5.642058612780811
2025-06-06 02:00:00,67,0.026846104166666773,26.865671641791046,6.572934147493949,-1.0,-9.660246,-14.103996612181904,-11.886713387818096
2025-06-06 02:30:00,71,0.03435037500000049,25.35211267605634,8.912366526765751,-1.0,-4.595822,-19.12387747684236,-6.570372523157644
2025-06-06 03:00:00,65,0.028904229166666906,27.692307692307693,6.865591445386341,-1.0,-9.321177,-14.731971493016266,-22.657388506983736
2025-06-06 03:30:00,77,0.025696499999999678,23.376623376623378,7.230492947562409,1.0,-8.219701,15.51496572892133,-51.24812572892133
2025-06-06 04:00:00,75,0.026711979166666677,24.0,7.3210022151692735,1.0,-6.108962,15.709177685872854,-48.670567685872854
2025-06-06 04:30:00,67,0.03063779166666647,26.865671641791046,7.501281593762104,1.0,-4.767293,16.09601554060611,-39.10285554060611
2025-06-06 05:00:00,55,0.03693872916666696,32.72727272727273,7.424168959405441,-1.0,-2.26168,-15.930549660480498,10.8404096604805
2025-06-06 05:30:00,59,0.08497070833333331,30.508474576271187,18.319957331022565,1.0,-4.85725,39.31039172674096,-21.67213172674096
2025-06-06 06:00:00,53,0.14790210416666605,33.9622641509434,28.64530361715179,1.0,8.596408,61.46619699898687,-16.562516998986865
2025-06-06 06:30:00,43,0.22642304166666727,41.86046511627907,35.578880875064335,1.0,41.86547,76.34405032316549,15.542959676834514
2025-06-06 07:00:00,66,0.19196122498245094,27.272727272727273,46.29783211524871,1.0,103.5474,99.34444080103809,46.9729931989619
2025-06-06 07:30:00,46,0.3155177187499999,39.130434782608695,53.03771343443488,1.0,87.40469,113.80666743517422,75.76715256482579
2025-06-06 08:00:00,50,0.3779831354166666,36.0,69.06303109468315,1.0,201.6582,148.19329309084964,84.83173690915038
2025-06-06 08:30:00,54,0.3345897040490474,33.333333333333336,66.02517183198061,1.0,141.8126,141.67474965377932,145.8003703462207
2025-06-06 09:00:00,49,0.34926939583333305,36.734693877551024,62.540279888157066,1.0,94.56448,134.19697746458937,222.61485253541062
2025-06-06 09:30:00,59,0.2834780833333339,30.508474576271187,61.11878425885083,1.0,153.5311,131.14677658168375,266.3742834183163
2025-06-06 10:00:00,0,,,,,171.3233,,
2025-07-01 00:00:00,48,0.05082054166666672,37.5,8.914227931583342,-1.0,,-19.12787162110915,
2025-07-01 00:30:00,55,0.04424287500000068,32.72727272727273,8.892200318203262,-1.0,-2.895229,-19.080605456940205,4.213375456940199
2025-07-01 01:00:00,51,0.034708099358071065,35.294117647058826,6.468509430751927,1.0,-2.262457,13.879925319497636,-38.22500531949763
2025-07-01 01:30:00,52,0.0707104270833337,34.61538461538461,13.4366192707275,-1.0,-3.243512,-28.8318775787177,-8.457242421282295
2025-07-01 02:00:00,56,0.06411580208333223,32.142857142857146,13.120679110267135,1.0,-0.930831,28.153943059248324,-38.59411305924833
2025-07-01 02:30:00,55,0.055919395833333385,32.72727272727273,11.23901802093317,-1.0,-6.125921,-24.11633351779883,1.621233517798828
2025-07-01 03:00:00,61,0.039451645833333604,29.508196721311474,8.79423705690718,-1.0,2.108583,-18.870398953355345,-13.484651046644654
2025-07-01 03:30:00,59,0.042580854166667015,30.508474576271187,9.180568771907195,-1.0,8.699499,-19.699377469991802,-6.485222530008194
2025-07-01 04:00:00,55,0.03955120833333303,32.72727272727273,7.9492408060502875,-1.0,10.41242,-17.057232414339296,-10.089007585660696
2025-07-01 04:30:00,67,0.024402145833333666,26.865671641791046,5.974561397224908,1.0,4.12878,12.820027070841798,-33.39357707084179
2025-07-01 05:00:00,72,0.02080408333333328,25.0,5.473741561749986,-1.0,4.455221,-11.745383524390794,3.3638835243907987
2025-07-01 05:30:00,42,0.04760677083333309,42.857142857142854,7.306699089192672,1.0,0.01290261,15.678486485293199,-4.4851664852932025
2025-07-01 06:00:00,45,0.09295114583333408,40.0,15.285176893164186,1.0,0.1902457,32.798454735771756,25.50000526422825
2025-07-01 06:30:00,58,0.14590759374999984,31.03448275862069,30.92495642875257,1.0,11.88037,66.35780473615353,25.611468263846476
2025-07-01 07:00:00,48,0.16344676392377644,37.5,28.669543072813937,1.0,41.58243,61.518209265178584,91.28474393482144
2025-07-01 07:30:00,47,0.17317262500000008,38.297872340425535,29.742694180317727,1.0,40.5149,63.82094336306445,156.05118063693556
2025-07-01 08:00:00,47,0.20922027083333372,38.297872340425535,35.93393893358774,1.0,57.62288,77.10592280540408,173.8221271945959
2025-07-01 08:30:00,50,0.20634429667946408,36.0,37.702112190997994,1.0,87.6432,80.9000137049414,221.30197629505858
2025-07-01 09:00:00,48,0.3107002278774139,37.5,54.498684171065676,1.0,98.84274,116.94157276931543,238.38923723068456
2025-07-01 09:30:00,39,0.329565916666666,46.15384615384615,46.968869332801994,1.0,105.622,100.78433148465736,313.71363851534267
2025-07-01 10:00:00,49,0.2574633958333328,36.734693877551024,46.10147075140702,1.0,148.5803,98.92309472510904,359.944685274891
2025-07-01 10:30:00,46,0.21581833333333322,39.130434782608695,36.27850430263887,1.0,58.99463,77.84528040259303,422.819579597407
2025-07-01 11:00:00,50,0.21682118749999957,36.0,39.61639293190096,1.0,77.88095,85.00761747497984,429.78768252502016
2025-07-01 11:30:00,52,0.2141330729166684,34.61538461538461,40.690244603689564,1.0,43.33679,87.31185482180717,276.96494517819275
2025-07-01 12:00:00,54,0.223781052083332,33.333333333333336,44.159106624445045,1.0,72.22934,94.75523050320135,238.49376949679873
2025-07-01 12:30:00,55,0.1589539166666667,32.72727272727273,31.947518518246532,1.0,38.80205,68.55198650069582,279.2365134993042
2025-07-01 13:00:00,52,0.1056157989523675,34.61538461538461,20.069448566958886,1.0,29.48046,43.06439532863244,404.13150467136757
2025-07-01 13:30:00,61,0.09390799999999921,29.508196721311474,20.93320053183316,-1.0,-51.60017,-44.917807292450306,643.2995972924504
2025-07-01 14:00:00,65,0.08693866666666406,27.692307692307693,20.6504509322216,1.0,-94.47491,44.31109204085483,600.4831779591451
2025-07-01 14:30:00,59,0.1082893333333339,30.508474576271187,23.347527694944574,-1.0,-91.0887,-50.098395042930804,614.4027950429308
2025-07-01 15:00:00,59,0.13759068750000036,30.508474576271187,29.664993661789143,-1.0,-98.72886,-63.654216019461025,525.821436019461
2025-07-01 15:30:00,60,0.1741095717200447,30.0,38.17482942140771,-1.0,-123.1543,-81.91435555998046,490.0165355599805
2025-07-01 16:00:00,62,0.15915635416666785,29.032258064516128,36.05943180115478,-1.0,-165.0669,-77.37520147750114,437.30417147750114
2025-07-01 16:30:00,53,0.1772176458333341,33.9622641509434,34.32306321681699,-1.0,-149.102,-73.64935605117255,405.36943605117256
2025-07-01 17:00:00,60,0.17613377083333293,30.0,38.618650258489495,-1.0,-158.6917,-82.86669243756866,334.28770243756867
2025-07-01 17:30:00,57,0.20731877083333328,31.57894736842105,43.1833856261901,-1.0,-155.8029,-92.66155888790466,297.31340888790464
2025-07-01 18:00:00,43,0.2407332291666664,41.86046511627907,37.82750562904076,-1.0,-175.932,-81.1690790242736,217.6135990242736
2025-07-01 18:30:00,59,0.1149552961229865,30.508474576271187,24.784730659024287,-1.0,-130.2878,-53.18230023375437,161.27064023375436
2025-07-01 19:00:00,63,0.08476602083333495,28.571428571428573,19.51486510350819,-1.0,-56.80719,-41.87438747001683,53.26868747001683
2025-07-01 19:30:00,60,0.08521836954445816,30.0,18.684766660394036,-1.0,-35.17076,-40.09318818112341,45.23112818112341
2025-07-01 20:00:00,63,0.1583863333333333,28.571428571428573,36.463761054875,-1.0,-24.59955,-78.24279855008861,42.10774855008861
2025-07-01 20:30:00,51,0.1908367708333345,35.294117647058826,35.566034288841365,-1.0,-81.82318,-76.31648452005518,67.69829452005517
2025-07-01 21:00:00,45,0.1184618125000001,40.0,19.48023064066408,-1.0,-110.5566,-41.80006992238031,-0.11988007761968333
2025-07-01 21:30:00,58,0.331378104166667,31.03448275862069,70.23523018517889,-1.0,-74.06377,-150.70856125422506,88.53556125422506
2025-07-01 22:00:00,53,0.18394904166666737,33.9622641509434,35.626782852852564,-1.0,-166.3279,-76.44683688960319,36.15602688960319
2025-07-01 22:30:00,49,0.21218552083333297,36.734693877551024,37.994001247860176,-1.0,-62.90044,-81.52634011818971,16.2493201181897
2025-07-01 23:00:00,43,0.12949289583333234,41.86046511627907,20.34780683586009,-1.0,-84.62079,-43.661687800070375,-13.883992199929622
2025-07-01 23:30:00,40,0.10975844791666711,45.0,16.04357526272576,-1.0,-20.3189,-34.425802248306766,-19.359697751693233
2025-07-02 00:00:00,62,0.04873382291666717,29.032258064516128,11.041431384089524,-1.0,-5.079825,-23.69235828936638,-6.481381710633624
2025-07-02 00:30:00,60,0.049381233345804465,30.0,10.827205770317724,-1.0,1.092288,-23.23267966440525,-7.382310335594756
2025-07-02 01:00:00,67,0.03682185416666495,26.865671641791046,9.015372253774753,1.0,-0.1215323,19.344903945717633,-44.821443945717625
2025-07-02 01:30:00,65,0.03416347916666629,27.692307692307693,8.114815619500778,1.0,-3.223625,17.412517672880753,-23.523487672880755
2025-07-02 02:00:00,58,0.04740490146949483,31.03448275862069,10.047417511149506,-1.0,6.787813,-21.559434395437968,-2.85164560456203
2025-07-02 02:30:00,41,0.05552541610418227,43.90243902439025,8.319148679666208,-1.0,-8.163267,-17.850969165572,2.5951391655720037
2025-07-02 03:00:00,43,0.05727699452149604,41.86046511627907,9.000194282179459,-1.0,2.387926,-19.312335528758602,-4.762934471241394
2025-07-02 03:30:00,44,0.07160622916666681,40.90909090909091,11.513482047107663,-1.0,-1.1003,-24.705269844934673,18.173909844934673
2025-07-02 04:00:00,63,0.03671589583333423,28.571428571428573,8.452747307211146,-1.0,-2.841269,-18.137640924029274,-6.105809075970722
2025-07-02 04:30:00,62,0.031106177083333297,29.032258064516128,7.047604709243915,1.0,-0.9556397,15.1225298645463,-34.330769864546305
2025-07-02 05:00:00,63,0.026236937500000668,28.571428571428573,6.0402775901017165,-1.0,-0.2325352,-12.961038823112796,-9.814361176887202
2025-07-02 05:30:00,61,0.04121260416666761,29.508196721311474,9.18677543404101,-1.0,5.089736,-19.71269553156734,26.40756553156734
2025-07-02 06:00:00,55,0.08176241666666906,32.72727272727273,16.433104482934507,1.0,0.7314773,35.26164187166047,18.19122812833953
2025-07-02 06:30:00,50,0.12856026303160206,36.0,23.489834893042907,1.0,13.85766,50.40375337983628,53.53765662016372
2025-07-02 07:00:00,44,0.17351251041666682,40.90909090909091,27.898874118633707,1.0,45.29508,59.86453191576897,100.80448298423104
2025-07-02 07:30:00,48,0.19041979667164888,37.5,33.40077485498725,1.0,92.76172,71.67033851671863,142.27675148328137
2025-07-02 08:00:00,45,0.21881974999999843,40.0,35.98340350171849,1.0,120.4749,77.21206232934944,182.35299767065052
2025-07-02 08:30:00,49,0.22008091666666707,36.734693877551024,39.40775312860077,1.0,146.5145,84.5599247075064,226.0795052924936
2025-07-02 09:00:00,51,0.3295444999999999,35.294117647058826,61.41683772743749,1.0,114.142,131.78633039690004,220.36715960309994
2025-07-02 09:30:00,46,0.24973889440710806,39.130434782608695,41.98046299102432,1.0,123.431,90.08036510284845,325.4358848971516
2025-07-02 10:00:00,45,0.24985518750000035,40.0,41.086967829961,1.0,157.6859,88.16313111847288,378.4125088815272
2025-07-02 10:30:00,48,0.23586114583333395,37.5,41.371460146041784,1.0,110.6292,88.77358583658763,416.7668641634124
2025-07-02 11:00:00,54,0.19578641666666508,33.333333333333336,38.634876227062186,1.0,117.9377,82.90150961367956,437.05819038632046
2025-07-02 11:30:00,55,0.2158735416666675,32.72727272727273,43.387568640147734,1.0,72.92903,93.09968841613392,272.0041115838661
2025-07-02 12:00:00,53,0.1704071041666686,33.9622641509434,33.00401481694395,1.0,40.0871,70.81898323050366,248.90231676949634
2025-07-02 12:30:00,57,0.13273206249999991,31.57894736842105,27.647375183914047,1.0,-3.528651,59.32487336394766,324.23502663605234
2025-07-02 13:00:00,53,0.12436572916666622,33.9622641509434,24.086838328771616,1.0,-2.663976,51.68478468884293,393.6231153111571
2025-07-02 13:30:00,58,0.1082268231727197,31.03448275862069,22.938557925732837,1.0,-9.085103,49.22084049727233,564.7766395027277
2025-07-02 14:00:00,54,0.0961380729166692,33.333333333333336,18.971094170273936,1.0,2.10945,40.7075808007209,619.5931691992791
2025-07-02 14:30:00,54,0.0805946874999992,33.333333333333336,15.90389072507797,1.0,-21.67584,34.12607153420707,496.32928846579296
2025-07-02 15:00:00,63,0.057719212292226985,28.571428571428573,13.288138698621108,1.0,-40.16006,28.513272608856287,457.66995739114367
2025-07-02 15:30:00,57,0.10522156249999948,31.57894736842105,21.917085902851458,-1.0,-55.58497,-47.02899776358992,451.5462077635899
2025-07-02 16:00:00,51,0.15823433333333292,35.294117647058826,29.48995468970826,-1.0,-119.2707,-63.27862286519676,428.8244328651968
2025-07-02 16:30:00,59,0.16508189583333488,30.508474576271187,35.59218637941614,-1.0,-123.2108,-76.37260085845007,402.64355085845006
2025-07-02 17:00:00,47,0.17186789583333306,38.297872340425535,29.51860471703034,-1.0,-93.46025,-63.34009919817411,333.58808919817415
2025-07-02 17:30:00,49,0.18286495833333483,36.734693877551024,32.74385277477978,-1.0,-123.6599,-70.26073565355193,278.1902456535519
2025-07-02 18:00:00,48,0.17766370202966375,37.5,31.163279318215206,-1.0,-84.51834,-66.86919054196873,199.22503054196875
2025-07-02 18:30:00,56,0.10430638541666604,32.142857142857146,21.345293480461677,-1.0,-70.75933,-45.80206345886521,160.07941345886522
2025-07-02 19:00:00,41,0.13980880265361484,43.90243902439025,20.946987841013723,1.0,-16.17072,44.947391669474364,-14.874803669474367
2025-07-02 19:30:00,45,0.09086985416666615,40.0,14.942922787460853,1.0,-29.14764,32.06405657522034,-22.293516575220337
2025-07-02 20:00:00,51,0.07244250000000019,35.294117647058826,13.501027227187535,1.0,13.17078,28.970082158183367,-59.683452158183364
2025-07-02 20:30:00,41,0.09647231250000021,43.90243902439025,14.454056672945347,1.0,-13.24572,31.01506294950966,-43.91600294950966
2025-07-02 21:00:00,54,0.050451864583333395,33.333333333333336,9.9557547289922,-1.0,-29.22202,-21.362747263025007,-11.026852736974995
2025-07-02 21:30:00,52,0.037813770833332816,34.61538461538461,7.18549247735754,1.0,-0.0384848,15.418405126749766,-32.10645512674977
2025-07-02 22:00:00,62,0.0468376439531466,29.032258064516128,10.61182154302561,-1.0,0.6728412,-22.770514922772534,5.97381492277254
2025-07-02 22:30:00,67,0.04215975673239325,26.865671641791046,10.322291195623862,-1.0,-2.023473,-22.149249754547014,-1.2366802454529804
2025-07-02 23:00:00,56,0.054350708333333,32.142857142857146,11.122347070236044,1.0,-4.087996,23.865984639132567,-48.608424639132565
2025-07-02 23:30:00,64,0.032443354718092454,28.125,7.5876787702423005,1.0,-2.178446,16.28140390096925,-45.76469390096925
2025-07-03 00:00:00,69,0.026455645833331598,26.08695652173913,6.670688581246957,1.0,4.951582,14.313755020153154,-35.52023502015315
2025-07-03 00:30:00,70,0.024195899328998405,25.714285714285715,6.189321129982513,-1.0,16.55473,-13.280851791625166,-7.846308208374838
2025-07-03 01:00:00,61,0.039617041666666686,29.508196721311474,8.831105738449658,1.0,0.2027779,18.949510617629205,-44.1589106176292
2025-07-03 01:30:00,65,0.03397516527058886,27.692307692307693,8.070085615925814,-1.0,-14.67805,-17.316537429548372,16.42217742954838
2025-07-03 02:00:00,53,0.04225061085805237,33.9622641509434,8.18299092401832,-1.0,-4.659687,-17.558806110034272,-20.38617388996573
2025-07-03 02:30:00,67,0.028710416666667182,26.865671641791046,7.029387836892487,1.0,-16.10613,15.083440669346153,-33.727430669346155
2025-07-03 03:00:00,76,0.0294709791666663,23.68421052631579,8.184862071871427,1.0,2.642557,17.562821160602088,-29.80982116060208
2025-07-03 03:30:00,39,0.039257416666667044,46.15384615384615,5.594863972614638,1.0,3.357383,12.005284207124044,-38.202824207124046
2025-07-03 04:00:00,61,0.03587818749999949,29.508196721311474,7.997671057377492,1.0,-3.331942,17.16115253362216,-41.08958253362215
2025-07-03 04:30:00,67,0.03666191666666718,26.865671641791046,8.976213549454988,1.0,-1.496952,19.26087842215842,-36.641588422158414
2025-07-03 05:00:00,73,0.025255029217102987,24.65753424657534,6.7371147250922325,1.0,-1.441808,14.456290163017968,-22.787210163017967
2025-07-03 05:30:00,52,0.054299687499999916,34.61538461538461,10.318198567760401,1.0,-2.942391,22.140467921620363,0.6474420783796333
2025-07-03 06:00:00,58,0.10132162544772927,31.03448275862069,21.475008748551986,1.0,3.912394,46.080402426005406,21.592867573994596
2025-07-03 06:30:00,56,0.11254692708333336,32.142857142857146,23.031640673975698,1.0,47.72353,49.420574548521024,55.305695451478975
2025-07-03 07:00:00,57,0.13682243891003631,31.57894736842105,28.499378604351428,1.0,50.50541,61.15307566839304,99.59428233160695
2025-07-03 07:30:00,50,0.1698553437500001,36.0,31.03504836022137,1.0,76.80295,66.5940365610314,163.0128204389686
2025-07-03 08:00:00,45,0.21827168750000037,40.0,35.8932783915235,1.0,85.43994,77.01867468536288,134.4682453146371
2025-07-03 08:30:00,43,0.19900126087882808,41.86046511627907,31.269971919283414,1.0,110.5538,67.09812818994206,203.26277181005796
2025-07-03 09:00:00,43,0.19614658333333312,41.86046511627907,30.82140347156594,1.0,77.83812,66.13560403787048,214.17133596212946
2025-07-03 09:30:00,41,0.19908956249999954,43.90243902439025,29.8287844957265,1.0,58.17867,64.00567327053355,245.45017672946645
2025-07-03 10:00:00,41,0.2295486090164256,43.90243902439025,34.392340329969606,1.0,52.20362,73.79800871485072,304.19515128514934
2025-07-03 10:30:00,43,0.22288258333333433,41.86046511627907,35.02255257756613,1.0,97.62825,75.15029845419733,443.28093154580256
2025-07-03 11:00:00,46,0.21051876041666673,39.130434782608695,35.38765978591061,1.0,42.17553,75.93373408796782,436.29317591203215
2025-07-03 11:30:00,46,0.24124996874999993,39.130434782608695,40.55349651778906,1.0,67.64161,87.01842505406815,269.3991749459319
2025-07-03 12:00:00,40,0.2221978333333331,45.0,32.479027628055526,1.0,64.09019,69.69248213261204,295.915617867388
2025-07-03 12:30:00,42,0.2189069687500007,42.857142857142854,33.597896290492294,1.0,45.30355,72.09331553066173,241.15198446933832
2025-07-03 13:00:00,43,0.23259675000000013,41.86046511627907,36.548983704406275,1.0,7.673352,78.42566664724254,316.92785335275744
2025-07-03 13:30:00,44,0.2061605234920314,40.90909090909091,33.14831005167299,1.0,19.02658,71.12860743426178,454.01850256573823
2025-07-03 14:00:00,34,0.20756762650858085,52.94117647058823,25.789430025882925,1.0,35.13868,55.33815272648598,552.627537273514
2025-07-03 14:30:00,31,0.23104000859965268,58.064516129032256,26.17291492086148,1.0,3.480984,56.161022625716996,536.7546173742829
2025-07-03 15:00:00,42,0.20541143436234433,42.857142857142854,31.526598298791203,-1.0,-26.11628,-67.64878905249678,510.5731190524968
2025-07-03 15:30:00,35,0.16250258333333223,51.42857142857143,20.784114263038056,-1.0,-32.62073,-44.5979026375694,404.32856263756935
2025-07-03 16:00:00,52,0.10173708333333276,34.61538461538461,19.332402742430446,-1.0,-37.84548,-41.482865439711325,430.5629954397113
2025-07-03 16:30:00,50,0.1916314687499998,36.0,35.013863966210906,-1.0,-54.76352,-75.1316547035726,326.7967047035726
2025-07-03 17:00:00,61,0.2489104583333337,29.508196721311474,55.4850762316546,-1.0,-202.2538,-119.05814201657216,393.53365201657215
2025-07-03 17:30:00,63,0.2220071250000002,28.571428571428573,51.110563570171934,-1.0,-214.6241,-109.67144950254142,345.52105950254145
2025-07-03 18:00:00,44,0.21839697916666623,40.90909090909091,35.11579548373257,-1.0,-209.9337,-75.35037616731162,186.67553616731163
2025-07-03 18:30:00,56,0.19563477083333314,32.142857142857146,40.03476471492357,-1.0,-125.4096,-85.90534656795015,107.09782656795015
2025-07-03 19:00:00,37,0.24749795833333232,48.648648648648646,33.46389988621688,-1.0,-139.0501,-71.80579023533139,124.81823023533138
2025-07-03 19:30:00,41,0.16351043749999983,43.90243902439025,24.49810799594008,-1.0,-46.71855,-52.56727428363809,25.68682428363809
2025-07-03 20:00:00,45,0.17680835416666696,40.0,29.074918285273487,-1.0,-44.753,-62.3880507233304,51.7815307233304
2025-07-03 20:30:00,33,0.10660002083333397,54.54545454545455,12.855069737325598,-1.0,-211.8736,-27.584006770207683,-9.320453229792317
2025-07-03 21:00:00,36,0.10510518080954911,50.0,13.82705950880983,-1.0,-42.61391,-29.669672035744515,10.387282035744509
2025-07-03 21:30:00,60,0.07552687500000005,30.0,16.55983379531251,-1.0,-16.36464,-35.53357366837944,-3.3227863316205557
2025-07-03 22:00:00,34,0.10098628124999937,52.94117647058823,12.547133084663983,1.0,0.1270029,26.923245927569095,-61.938085927569105
2025-07-03 22:30:00,56,0.045366051917374306,32.142857142857146,9.283723986388784,1.0,-2.160468,19.92072470441251,-40.3123647044125
2025-07-03 23:00:00,59,0.05189127083333367,30.508474576271187,11.187924476160664,1.0,0.476606,24.00669858670028,-43.44713858670028
2025-07-03 23:30:00,55,0.042066354166666486,32.72727272727273,8.454750011306388,1.0,-6.493862,18.14193826386878,-19.896018263868783
2025-07-04 00:00:00,43,0.08471458333333326,41.86046511627907,13.311587224565962,-1.0,3.722643,-28.56358772278649,-0.1407122772135132
2025-07-04 00:30:00,49,0.05460262500000057,36.734693877551024,9.777161958265728,-1.0,-0.09389465,-20.979528478725044,-9.927881521274962
2025-07-04 01:00:00,61,0.04101566666666623,29.508196721311474,9.142875743069348,-1.0,-0.01538121,-19.61849694706209,5.541246947062092
2025-07-04 01:30:00,64,0.03386003125000042,28.125,7.919003521916766,1.0,-2.176817,16.992350195316398,-41.2005901953164
2025-07-04 02:00:00,46,0.06475540905459398,39.130434782608695,10.885216977270526,1.0,-6.197664,23.357158298751962,-39.324218298751966
2025-07-04 02:30:00,48,0.05864878124999995,37.5,10.287348123937493,1.0,-2.809229,22.074270003704434,-44.38557000370444
2025-07-04 03:00:00,58,0.052200114583333845,31.03448275862069,11.063757735813477,1.0,-43.01117,23.740265476934518,-57.03376547693452
2025-07-04 03:30:00,46,0.06023774007827315,39.130434782608695,10.12580849299585,1.0,-12.15753,21.727643313643544,-35.322763313643534
2025-07-04 04:00:00,43,0.06584360416666679,41.86046511627907,10.34630456241061,-1.0,-16.65222,-22.200776886297835,2.0504268862978385
2025-07-04 04:30:00,44,0.07013757291666667,40.90909090909091,11.277338522102433,-1.0,7.793267,-24.198560451241402,-4.614199548758595
2025-07-04 05:00:00,53,0.04131039583333307,33.9622641509434,8.000892467743872,-1.0,16.73848,-17.168064935279375,-3.5245050647206284
2025-07-04 05:30:00,55,0.04383885416666633,32.72727272727273,8.810997770160524,1.0,36.71931,18.906363567884924,-10.710923567884922
2025-07-04 06:00:00,53,0.05640085416666718,33.9622641509434,10.923574082829091,-1.0,-7.19441,-23.439463776748784,79.10838377674878
2025-07-04 06:30:00,52,0.09635962500000006,34.61538461538461,18.310561081312514,-1.0,21.01163,-39.29022954785647,138.07071954785647
2025-07-04 07:00:00,54,0.13744782291666657,33.333333333333336,27.12281942983592,1.0,28.00372,58.199298025384564,96.46262797461543
2025-07-04 07:30:00,54,0.13751807803900795,33.333333333333336,27.136682996074008,1.0,58.10077,58.22904603241873,145.7516839675813
2025-07-04 08:00:00,53,0.19766172916666713,33.9622641509434,38.282621314771795,1.0,73.13396,82.14565203499647,151.1811479650035
2025-07-04 08:30:00,50,0.21462033333333286,36.0,39.214264779861026,1.0,100.6003,84.14474345756759,211.65425654243245
2025-07-04 09:00:00,51,0.19987785416666615,35.294117647058826,37.25101081845563,1.0,99.43157,79.93205448196427,272.7831455180358
2025-07-04 09:30:00,38,0.19063919791666728,47.36842105263158,26.472746826902,1.0,95.84834,56.80439255642471,338.3146974435753
2025-07-04 10:00:00,48,0.2426032395833333,37.5,42.55406384235417,1.0,63.52507,91.31117987785807,374.17563012214197
2025-07-04 10:30:00,48,0.1900614374999997,37.5,33.33791650612495,1.0,100.6616,71.53545903679272,436.4183509632073
2025-07-04 11:00:00,52,0.20606560416666586,34.61538461538461,39.15723864482971,1.0,100.398,84.02237855975493,432.268521440245
2025-07-04 11:30:00,46,0.22890734526906353,39.130434782608695,38.47873339575431,1.0,87.75523,82.56646320755934,294.5743367924406
2025-07-04 12:00:00,45,0.20508295833333534,40.0,33.72448255257846,1.0,82.66288,72.36494037453647,258.69935962546356
2025-07-04 12:30:00,49,0.19642179166666773,36.734693877551024,35.17134330552276,1.0,70.89046,75.46956894678617,266.0900310532138
2025-07-04 13:00:00,44,0.14087740624999923,40.90909090909091,22.65151379396342,1.0,15.31244,48.604910172827175,390.66428982717287
2025-07-04 13:30:00,56,0.09735830208333396,32.142857142857146,19.923435391100824,1.0,1.662927,42.75108482050554,553.8222451794944
2025-07-04 14:00:00,56,0.09384204028535437,32.142857142857146,19.203866404675015,1.0,-4.433244,41.20705618442827,622.1084138155718
2025-07-04 14:30:00,43,0.11916281250000127,41.86046511627907,18.72459392589864,1.0,-8.892811,40.17864828237264,533.3335917176274
2025-07-04 15:00:00,56,0.07167966776078982,32.142857142857146,14.668551103790616,1.0,-3.852658,31.47531839374334,453.3477316062567
2025-07-04 15:30:00,61,0.06802393750000113,29.508196721311474,15.163337784346608,1.0,-36.48091,32.53701618497636,403.84526371502363
2025-07-04 16:00:00,51,0.08388956250000001,35.294117647058826,15.63440338736719,-1.0,-45.16112,-33.54781402959661,388.95793402959663
2025-07-04 16:30:00,61,0.10087170833333259,29.508196721311474,22.485493233060602,-1.0,-60.91972,-48.248668443337365,377.8366884433373
2025-07-04 17:00:00,57,0.13334556250000085,31.57894736842105,27.775163936351746,-1.0,-81.45573,-59.599078474026754,340.12285847402677
2025-07-04 17:30:00,54,0.158149520833333,33.333333333333336,31.20792170770306,-1.0,-81.21056,-66.96498278573196,276.706792785732
2025-07-04 18:00:00,63,0.1663324583333332,28.571428571428573,38.29312093217185,-1.0,-111.8205,-82.16818178577697,227.35779178577698
2025-07-04 18:30:00,54,0.15336945716107675,33.333333333333336,30.264663378145308,-1.0,-112.3759,-64.94096855008543,158.45215855008541
2025-07-04 19:00:00,50,0.10612900000000003,36.0,19.39131601458334,-1.0,-95.82151,-41.609279697364244,79.88799969736425
2025-07-04 19:30:00,53,0.08014525000000017,33.9622641509434,15.522328317489617,-1.0,-23.0262,-33.30732684831761,25.391356848317614
2025-07-04 20:00:00,35,0.08800712500000096,51.42857142857143,11.256129622317832,-1.0,-21.98242,-24.15305105711121,-0.27464894288879194
2025-07-04 20:30:00,51,0.05736629166666629,35.294117647058826,10.69129124083847,-1.0,-3.726857,-22.9410385159765,8.520018515976503
2025-07-04 21:00:00,45,0.078842645833333,40.0,12.965131064101511,-1.0,0.1018478,-27.820172924492308,19.035552924492304
2025-07-04 21:30:00,62,0.05004846365198923,29.032258064516128,11.339284386481896,1.0,-7.725617,24.331481950489913,-35.160541950489915
2025-07-04 22:00:00,64,0.058002119742054103,28.125,13.565226420632989,1.0,-5.130609,29.10783878049864,-41.68806878049864
2025-07-04 22:30:00,49,0.056675104166666546,36.734693877551024,10.148260682322027,-1.0,-0.6685457,-21.77582051960463,-6.999369480395373
2025-07-04 23:00:00,63,0.034613020833333064,28.571428571428573,7.968622636132752,-1.0,0.2388323,-17.098821339420063,-8.573738660579934
2025-07-04 23:30:00,62,0.04475193750000067,29.032258064516128,10.139271200953278,-1.0,-1.39546,-21.756531171510606,12.48438117151061
2025-07-05 00:00:00,61,0.03387041666666635,29.508196721311474,7.550115263663125,1.0,-0.5515007,16.2008013028531,-34.3768713028531
2025-07-05 00:30:00,59,0.047210374999999805,30.508474576271187,10.178708316619751,1.0,-4.000824,21.841154101433954,-38.09265410143395
2025-07-05 01:00:00,59,0.04286252083333397,30.508474576271187,9.241297008921146,-1.0,-3.285226,-19.829686222504574,1.6573962225045769
2025-07-05 01:30:00,55,0.05405131250000028,32.72727272727273,10.863559346263077,-1.0,15.59759,-23.31068603119191,-5.532063968808085
2025-07-05 02:00:00,54,0.03401912499999998,33.333333333333336,6.713053469718747,-1.0,-20.82075,-14.404660273434809,-4.387069726565185
2025-07-05 02:30:00,54,0.033450937500000166,33.333333333333336,6.600932036015657,1.0,4.893643,14.164073606108426,-30.528353606108425
2025-07-05 03:00:00,44,0.045013583333333274,40.90909090909091,7.237681548319436,-1.0,2.894135,-15.530390803697426,7.013780803697433
2025-07-05 03:30:00,56,0.04756816666666697,32.142857142857146,9.734365482722284,1.0,-8.393551,20.887697139397204,-22.668657139397205
2025-07-05 04:00:00,61,0.036663979166666416,29.508196721311474,8.172833285670952,-1.0,15.9157,-17.537010167214174,12.211510167214175
2025-07-05 04:30:00,37,0.05190545833333299,48.648648648648646,7.018074302154468,-1.0,1.388703,-15.059164440186356,4.19053444018636
2025-07-05 05:00:00,61,0.031376279943359675,29.508196721311474,6.994142778009205,-1.0,3.284416,-15.00781292381709,14.956602923817092
2025-07-05 05:30:00,62,0.03942015435151436,29.032258064516128,8.931269975818065,-1.0,4.15891,-19.164439906863667,33.25574990686367
2025-07-05 06:00:00,50,0.09918856666130627,36.0,18.123197628951132,1.0,11.10281,38.888190909091286,19.93049909090871
2025-07-05 06:30:00,48,0.1518400031227663,37.5,26.63364758775195,1.0,52.6456,57.14964837901505,52.232941620984946
2025-07-05 07:00:00,55,0.1573473958333338,32.72727272727273,31.62463025509992,1.0,71.66445,67.85914295969222,96.42085704030778
2025-07-05 07:30:00,58,0.212956394887045,31.03448275862069,45.135877193548055,1.0,92.00318,96.85115425481239,123.94995574518761
2025-07-05 08:00:00,52,0.2670911250000002,34.61538461538461,50.75350136106254,1.0,136.8047,108.90527657662871,120.6878034233713
2025-07-05 08:30:00,60,0.31189863541666596,30.0,68.38611505486963,1.0,159.0195,146.7407878142067,158.65950218579334
2025-07-05 09:00:00,52,0.3045660146438802,34.61538461538461,57.87459856167649,1.0,158.3226,124.18550433165197,218.117705668348
2025-07-05 09:30:00,53,0.3521182708333326,33.9622641509434,68.19737172772815,1.0,167.1352,146.33578828327572,279.1581617167243
2025-07-05 10:00:00,56,0.29684747916666665,32.142857142857146,60.746967085826384,1.0,138.6402,130.34894291546829,334.4420470845317
2025-07-05 10:30:00,51,0.24817283333333418,35.294117647058826,46.25169175389599,1.0,159.626,99.24543425607646,404.4845757439235
2025-07-05 11:00:00,50,0.26552846875000025,36.0,48.51592353079432,1.0,123.8624,104.10395201906735,419.93404798093263
2025-07-05 11:30:00,54,0.2869428854166667,33.333333333333336,56.62294172932032,1.0,140.1148,121.49973822978154,236.77416177021848
2025-07-05 12:00:00,53,0.2993056458333332,33.9622641509434,57.96875674981681,1.0,104.6797,124.3875460282125,206.71395397178748
2025-07-05 12:30:00,58,0.22828666666666653,31.03448275862069,48.38511168944442,1.0,135.0305,103.82326005930754,272.30923994069246
2025-07-05 13:00:00,51,0.25073995833333385,35.294117647058826,46.7301239521303,1.0,144.6754,100.27203911041357,335.07926088958635
2025-07-05 13:30:00,52,0.21860867708333398,34.61538461538461,41.54071308018589,1.0,106.1047,89.1367634915289,507.33251650847114
2025-07-05 14:00:00,53,0.1823174791666684,33.9622641509434,35.31078597474079,1.0,75.5116,75.7687806671705,548.2823993328294
2025-07-05 14:30:00,54,0.1420649539684845,33.333333333333336,28.033925980270496,1.0,56.20943,60.15432197850988,517.0557580214902
2025-07-05 15:00:00,51,0.10264462500000016,35.294117647058826,19.129763286046902,1.0,38.13313,41.04804802907021,434.08038197092975
2025-07-05 15:30:00,56,0.07610158333333417,32.142857142857146,15.57345338052795,1.0,20.3439,33.41702941032565,383.63458058967433
2025-07-05 16:00:00,63,0.07256287500000091,28.571428571428573,16.70545229357834,-1.0,-9.221029,-35.84603728966725,384.82145728966725
2025-07-05 16:30:00,53,0.11242435416666585,33.9622641509434,21.774063169766332,-1.0,-47.79672,-46.72210405407866,382.2352940540787
2025-07-05 17:00:00,58,0.15585109375000006,31.03448275862069,33.03247048162761,-1.0,-92.03489,-70.88004250620762,313.81998150620757
2025-07-05 17:30:00,56,0.18977605208333304,32.142857142857146,38.8358345570173,-1.0,-126.4463,-83.33271971578553,331.35080971578554
2025-07-05 18:00:00,55,0.19722714583333323,32.72727272727273,39.639903350256056,-1.0,-115.2683,-85.05806539570906,201.67004539570905
2025-07-05 18:30:00,57,0.13942452083333445,31.57894736842105,29.04137828278409,-1.0,-79.25742,-62.31608163450827,149.86501163450828
2025-07-05 19:00:00,55,0.09883295833333339,32.72727272727273,19.864045081623278,-1.0,-57.76851,-42.623646951074406,71.5136669510744
2025-07-05 19:30:00,36,0.09336946982191274,50.0,12.28317391768682,-1.0,-27.30676,-26.35685059889846,26.84560059889847
2025-07-05 20:00:00,58,0.056595041666665735,31.03448275862069,11.995257769954664,-1.0,-4.837239,-25.739049129861222,2.324309129861227
2025-07-05 20:30:00,39,0.06700087499999974,46.15384615384615,9.548788827703088,-1.0,2.281671,-20.489492554510452,0.6000325545104523
2025-07-05 21:00:00,56,0.05688450000000017,32.142857142857146,11.640863041500035,-1.0,2.521835,-24.978600000547345,13.648590000547344
2025-07-05 21:30:00,67,0.04243661102620544,26.865671641791046,10.3900755203207,1.0,-6.578031,22.294699239423984,-38.01623923942399
2025-07-05 22:00:00,48,0.06327445833333362,37.5,11.098719638416718,-1.0,11.36427,-23.815285634569832,-2.613664365430168
2025-07-05 22:30:00,47,0.08813366666666711,38.297872340425535,15.137107811680632,-1.0,-11.20526,-32.480732729624904,18.919472729624907
2025-07-05 23:00:00,55,0.05878945833333371,32.72727272727273,11.815860522144172,1.0,-3.862796,25.354104123783742,-57.43740412378374
2025-07-05 23:30:00,58,0.05129917708333359,31.03448275862069,10.872805008704049,1.0,-8.708177,23.33052508462204,-38.99094508462205
2025-07-06 00:00:00,61,0.039393104166666304,29.508196721311474,8.781187429103218,-1.0,-4.181201,-18.842397469967977,-1.1432325300320159
2025-07-06 00:30:00,51,0.042485041666666445,35.294117647058826,7.917889419744751,1.0,-0.1496692,16.989959589704487,-45.89630958970449
2025-07-06 01:00:00,66,0.047731250000000225,27.272727272727273,11.511978001562555,1.0,2.378549,24.702042511023098,-40.855872511023094
2025-07-06 01:30:00,50,0.0596661874999998,36.0,10.901882588151006,1.0,-4.367331,23.392918845582916,-48.21444884558291
2025-07-06 02:00:00,48,0.039128062500000005,37.5,6.863296930875002,1.0,-4.683828,14.727047995508402,-31.192527995508406
2025-07-06 02:30:00,59,0.046516291666666265,30.508474576271187,10.029061723102346,1.0,3.563779,21.52004711928067,-49.41040711928068
2025-07-06 03:00:00,63,0.047480895833333925,28.571428571428573,10.931069644086074,-1.0,-1.100024,-23.455547517769556,11.355497517769553
2025-07-06 03:30:00,64,0.029146270833333154,28.125,6.816574375722181,-1.0,-5.415598,-14.626792197290932,-10.127777802709076
2025-07-06 04:00:00,75,0.028089458333332984,24.0,7.6985305131509465,1.0,0.6464054,16.519266105481687,-42.239756105481675
2025-07-06 04:30:00,74,0.031691499999999984,24.324324324324323,8.56993884220833,1.0,-2.322611,18.38910685621222,-48.10552685621222
2025-07-06 05:00:00,80,0.026808593749999665,22.5,7.83731365885407,1.0,-9.267625,16.817062640925617,-42.96637264092563
2025-07-06 05:30:00,66,0.03589648958333358,27.272727272727273,8.65763202129954,-1.0,-5.933941,-18.57727613846274,30.31409613846274
2025-07-06 06:00:00,55,0.14760306434581727,32.72727272727273,29.66615564073611,1.0,-3.835345,63.65670935755992,4.099660642440085
2025-07-06 06:30:00,57,0.18245612499999986,31.57894736842105,38.004630135828094,1.0,3.323006,81.54914725371349,20.75447274628651
2025-07-06 07:00:00,49,0.19841277083333297,36.734693877551024,35.52784861580809,1.0,39.39873,76.23454689661185,77.78559510338818
2025-07-06 07:30:00,48,0.2558539270833332,37.5,44.87831393397915,1.0,94.62852,96.29848306431106,100.87257693568895
2025-07-06 08:00:00,49,0.23988735416666596,36.734693877551024,42.95429960422817,1.0,109.3062,92.1699932636117,135.39386673638828
2025-07-06 08:30:00,43,0.29303000000000035,41.86046511627907,46.04513474458339,1.0,119.6642,98.80221068282981,212.20519931717018
2025-07-06 09:00:00,48,0.2991164342908994,37.5,52.46681727322951,1.0,144.6453,112.58165629968032,239.19281370031968
2025-07-06 09:30:00,55,0.2809796875000008,32.72727272727273,56.47299517936214,1.0,91.05219,121.17798761047482,294.8192523895252
2025-07-06 10:00:00,58,0.2624194339287552,31.03448275862069,55.619514733479576,1.0,93.7524,119.34661595100359,354.45340404899645
2025-07-06 10:30:00,54,0.2473747187500004,33.333333333333336,48.814886156695394,1.0,121.9478,104.74545667562707,389.25094332437294
2025-07-06 11:00:00,53,0.23015649999999965,33.9622641509434,44.57612593889577,1.0,119.6201,95.65005751139067,428.74384248860935
2025-07-06 11:30:00,48,0.2551526562499994,37.5,44.7553068221874,1.0,111.1107,96.03453824924752,255.24646175075242
2025-07-06 12:00:00,57,0.20846439583333343,31.57894736842105,43.42201315595575,1.0,93.47898,93.17359838135847,226.2390016186415
2025-07-06 12:30:00,53,0.14722749999999984,33.9622641509434,28.514647996770805,1.0,58.51918,61.185840253298416,297.57565974670155
2025-07-06 13:00:00,48,0.1599961145833334,37.5,28.064278474604183,1.0,37.6706,60.21945141197862,368.6296485880214
2025-07-06 13:30:00,53,0.14027164583333307,33.9622641509434,27.16745584123346,1.0,41.79739,58.29507744154848,532.3354625584515
2025-07-06 14:00:00,57,0.12637795833333465,31.57894736842105,26.32384943930757,1.0,0.7765614,56.484893196919444,570.1256468030806
2025-07-06 14:30:00,51,0.10476475000000107,35.294117647058826,19.52488859715645,1.0,26.81689,41.89589556933519,528.4364144306649
2025-07-06 15:00:00,60,0.0751565000000004,30.0,16.47862629875009,-1.0,-15.05514,-35.35932116094532,523.0444211609454
2025-07-06 15:30:00,58,0.08654765896538796,31.03448275862069,18.3436825577501,-1.0,-21.41531,-39.36130057656049,450.0291405765605
2025-07-06 16:00:00,60,0.10258541666666743,30.0,22.492621994791833,-1.0,-51.30429,-48.26396511740258,416.46716511740254
2025-07-06 16:30:00,62,0.1397753736365478,29.032258064516128,31.668358951285892,-1.0,-63.21825,-67.95297462893194,391.04115462893196
2025-07-06 17:00:00,61,0.14716175000000153,29.508196721311474,32.80408935730243,-1.0,-90.98911,-70.38998942922726,336.0937394292273
2025-07-06 17:30:00,59,0.17891395833333212,30.508474576271187,38.57442343228273,-1.0,-83.75972,-82.77179189650275,288.5733618965028
2025-07-06 18:00:00,52,0.21737939583333343,34.61538461538461,41.30712116433682,-1.0,-99.8288,-88.63552926099513,201.28259426099513
2025-07-06 18:30:00,55,0.18527358333333366,32.72727272727273,37.23740413956604,-1.0,-113.7639,-79.90285769577176,183.92564769577177
2025-07-06 19:00:00,55,0.1342293333333331,32.72727272727273,26.97822238222217,-1.0,-63.21284,-57.88902620097364,63.76591620097364
2025-07-06 19:30:00,53,0.07653800000000044,33.9622641509434,14.82368530591675,-1.0,-38.2014,-31.808200514896914,17.99467051489692
2025-07-06 20:00:00,68,0.027895802083333088,26.470588235294116,6.931879001991259,-1.0,-23.15036,-14.874209259713203,-11.681720740286794
2025-07-06 20:30:00,61,0.04435972916666797,29.508196721311474,9.888306706390049,1.0,-5.314791,21.21801940466942,-37.76963940466942
2025-07-06 21:00:00,54,0.043346792847968274,33.333333333333336,8.553698489577062,1.0,-2.562005,18.354258815238104,-29.472718815238103
2025-07-06 21:30:00,61,0.0444927291666668,29.508196721311474,9.917953974681456,1.0,0.1365007,21.281635586143242,-48.279505586143244
2025-07-06 22:00:00,31,0.0869872916666663,58.064516129032256,9.854184986345446,-1.0,2.734589,-21.144802084502842,8.720742084502845
2025-07-06 22:30:00,59,0.05380597916666674,30.508474576271187,11.600741735849844,-1.0,-2.084714,-24.892508957145925,1.2091589571459274
2025-07-06 23:00:00,48,0.05323471874999941,37.5,9.337689077062398,1.0,-2.915367,20.036521308936067,-38.11258130893607
2025-07-06 23:30:00,60,0.05510131249999978,30.0,12.081376025468701,1.0,-4.92773,25.923838990334737,-35.78062899033473
2025-07-07 00:00:00,62,0.03784984375000011,29.032258064516128,8.575490853216172,-1.0,7.906276,-18.401020187867193,-20.533099812132814
2025-07-07 00:30:00,63,0.04894383333333274,28.571428571428573,11.267867663937366,-1.0,-3.822935,-24.178238179866526,-1.6292318201334695
2025-07-07 01:00:00,61,0.05481839583333403,29.508196721311474,12.219666831501025,1.0,3.88954,26.220579078704468,-44.601099078704465
2025-07-07 01:30:00,42,0.06813494791666619,42.857142857142854,10.457368839986907,-1.0,9.236229,-22.439095141055912,3.3824951410559088
2025-07-07 02:00:00,65,0.05878704166666693,27.692307692307693,13.96362477058166,1.0,-8.213957,29.962709505183636,-56.15703950518363
2025-07-07 02:30:00,46,0.06400862632376264,39.130434782608695,10.759684729406498,-1.0,7.56698,-23.087795125644732,-15.263254874355269
2025-07-07 03:00:00,68,0.03378576713812664,26.470588235294116,8.395487216726178,-1.0,-6.133263,-18.014774011918018,12.444204011918021
2025-07-07 03:30:00,47,0.036574937500000515,38.297872340425535,6.2818079978099854,-1.0,2.903051,-13.479307221306797,-4.262932778693198
2025-07-07 04:00:00,66,0.028161658403449807,27.272727272727273,6.7921202991338365,-1.0,9.965085,-14.574319404225214,-13.209560595774782
2025-07-07 04:30:00,70,0.029439375000000212,25.714285714285715,7.530604391406304,1.0,-0.8537587,16.15893548310868,-36.07828548310867
2025-07-07 05:00:00,65,0.03208871295752569,27.692307692307693,7.621998563058412,1.0,-4.820343,16.355046239496826,-45.49429623949683
2025-07-07 05:30:00,50,0.04494452083333361,36.0,8.212019397178869,1.0,-7.74928,17.621094500260924,-9.742034500260921
2025-07-07 06:00:00,54,0.10944272323508042,33.333333333333336,21.59652410074408,1.0,-4.861425,46.34114626995505,4.33349373004495
2025-07-07 06:30:00,54,0.17586103125000008,33.333333333333336,34.7029650533672,1.0,11.56255,74.46453753564076,20.159242464359252
2025-07-07 07:00:00,53,0.20669816666666718,33.9622641509434,40.03277556215982,1.0,66.07055,85.90107830613412,54.39234269386587
2025-07-07 07:30:00,51,0.23890524999999974,35.294117647058826,44.5245026740937,1.0,97.54773,95.53928592361268,99.95854407638731
2025-07-07 08:00:00,60,0.2329670036996081,30.0,51.079762813666825,1.0,115.0187,109.60535820211872,123.87243179788125
2025-07-07 08:30:00,53,0.27410707395004885,33.9622641509434,53.08836139383251,1.0,74.08278,113.91534624310513,190.64817375689483
2025-07-07 09:00:00,50,0.3709713229166667,36.0,67.7818706953342,1.0,150.2992,145.44421915725965,200.98373084274036
2025-07-07 09:30:00,55,0.30182112500000025,32.72727272727273,60.66183320513026,1.0,137.0335,130.16626529570576,287.06643470429424
2025-07-07 10:00:00,51,0.2834703124999991,35.294117647058826,52.830043236523274,1.0,100.3516,113.36105521663204,337.0957147833679
2025-07-07 10:30:00,46,0.22816410416666566,39.130434782608695,38.35379648648074,1.0,99.03038,82.29837749338817,418.9355825066118
2025-07-07 11:00:00,54,0.2506833333333335,33.333333333333336,49.46778086250003,1.0,97.86683,106.14641772470299,411.65108227529703
2025-07-07 11:30:00,53,0.2484001249999983,33.9622641509434,48.10950485968196,1.0,131.2944,103.23187153995869,278.70462846004136
2025-07-07 12:00:00,52,0.2351874791666667,34.61538461538461,44.691069551600705,1.0,45.85945,95.89669992219292,229.95090007780715
2025-07-07 12:30:00,51,0.17588222966068212,35.294117647058826,32.77897327435296,1.0,79.68613,70.33609612360732,292.8767038763927
2025-07-07 13:00:00,54,0.15185448257189726,33.333333333333336,29.96571079125699,1.0,55.02469,64.29948543492544,382.5621145650746
2025-07-07 13:30:00,58,0.14140262499999923,31.03448275862069,29.970133182572756,1.0,24.73161,64.30897486395907,518.405575136041
2025-07-07 14:00:00,49,0.13415731250000085,36.734693877551024,24.0222475054663,1.0,32.08833,51.546187719417404,593.2055522805825
2025-07-07 14:30:00,56,0.12157721875000116,32.142857142857146,24.87960257073982,1.0,6.192513,53.38587341605032,510.1529665839497
2025-07-07 15:00:00,56,0.0877706145833338,32.142857142857146,17.961407825204958,1.0,-30.14947,38.54102740604728,433.92572259395274
2025-07-07 15:30:00,59,0.07535950000000002,30.508474576271187,16.24774997839584,-1.0,-33.75725,-34.863913970330024,455.64700397033
2025-07-07 16:00:00,61,0.07785954166666564,29.508196721311474,17.355809931261927,-1.0,-38.96714,-37.241554377282256,401.81746437728225
2025-07-07 16:30:00,51,0.09665210416666703,35.294117647058826,18.01294391992455,-1.0,-78.0369,-38.65161194698739,356.90432794698734
2025-07-07 17:00:00,55,0.13301116666666601,32.72727272727273,26.733387885798482,-1.0,-60.8585,-57.363667992505725,318.5740679925057
2025-07-07 17:30:00,57,0.13856849999999943,31.57894736842105,28.863073744312388,-1.0,-74.50724,-61.93348132996994,282.18449132996994
2025-07-07 18:00:00,54,0.1519976145833336,33.333333333333336,29.993955281554744,-1.0,-70.83745,-64.36009157923381,173.9197645792338
2025-07-07 18:30:00,54,0.12047049999999959,33.333333333333336,23.772654588374923,-1.0,-79.88122,-51.01061904063739,160.12835904063738
2025-07-07 19:00:00,39,0.1694828958333332,46.15384615384615,24.154257421565088,-1.0,-20.87625,-51.829450470519454,80.00363047051945
2025-07-07 19:30:00,62,0.1026033125000001,29.032258064516128,23.246430650151066,-1.0,-35.51207,-49.881464164684765,39.836914164684764
2025-07-07 20:00:00,50,0.10021038541666727,36.0,18.309898817079105,-1.0,-27.86547,-39.28880848196797,9.460748481967975
2025-07-07 20:30:00,59,0.08946483333333255,30.508474576271187,19.288905099673443,-1.0,-20.31842,-41.389529557696356,26.80098955769636
2025-07-07 21:00:00,48,0.07680147916666724,37.5,13.471440254708435,-1.0,-26.17905,-28.906595357578638,20.115695357578645
2025-07-07 21:30:00,45,0.04715477083333397,40.0,7.754277874492293,-1.0,-14.92931,-16.638887050687142,-17.046192949312857
2025-07-07 22:00:00,66,0.04166848958333347,27.272727272727273,10.049741740299512,-1.0,-4.31914,-21.564421653688548,-0.6454683463114463
2025-07-07 22:30:00,63,0.03170552083333322,28.571428571428573,7.299256895820289,-1.0,-6.40705,-15.662517259410825,3.2915772594108272
2025-07-07 23:00:00,65,0.06234937499999982,27.692307692307693,14.809782096484332,-1.0,-2.65949,-31.778367442735668,12.003917442735666
2025-07-07 23:30:00,61,0.061451895833334325,29.508196721311474,13.698352201521924,-1.0,-5.97229,-29.393495919383483,23.94057591938349
2025-08-02 00:00:00,67,0.03157337499999979,26.865671641791046,7.730347517119741,-1.0,,-16.587538037942284,
2025-08-02 00:30:00,58,0.034258677083333466,31.03448275862069,7.261089494245688,-1.0,-2.818632,-15.580618842292315,-12.07802115770769
2025-08-02 01:00:00,57,0.03357106249999953,31.57894736842105,6.992671874288964,1.0,0.9292265,15.004656704597242,-27.43001670459724
2025-08-02 01:30:00,61,0.031344895833333,29.508196721311474,6.987146889813294,1.0,-0.3598779,14.992801365630106,-40.3449713656301
2025-08-02 02:00:00,60,0.03452228124999995,30.0,7.569269081171865,-1.0,0.9412715,-16.241900965681246,-15.624659034318753
2025-08-02 02:30:00,64,0.03087432291666614,28.125,7.2207219806943215,-1.0,-0.2721175,-15.493999493673442,-9.14164050632656
2025-08-02 03:00:00,69,0.04762476394113113,26.08695652173913,12.008399681795943,1.0,-1.316325,25.767248633450905,-39.8252786334509
2025-08-02 03:30:00,55,0.03792547757680964,32.72727272727273,7.622491616480895,1.0,-1.256462,16.35610421811707,-22.356804218117073
2025-08-02 04:00:00,71,0.037914132125641875,25.35211267605634,9.837000092369875,1.0,0.8127502,21.107927276240147,-29.960487276240144
2025-08-02 04:30:00,64,0.05098533890964063,28.125,11.924179142379232,1.0,-0.2668178,25.586530832853082,-30.912520832853087
2025-08-02 05:00:00,61,0.05128293749999979,29.508196721311474,11.431571480054643,1.0,0.794926,24.52950871082105,-27.002678710821055
2025-08-02 05:30:00,55,0.041966104166666685,32.72727272727273,8.434601160629343,-1.0,-5.383762,-18.09870348997458,28.96684348997458
2025-08-02 06:00:00,43,0.052211708333332885,41.86046511627907,8.204262858591944,-1.0,2.761418,-17.604450762244173,81.89977076224417
2025-08-02 06:30:00,45,0.1235460712983194,40.0,20.316302045768452,1.0,3.462646,43.59408580638702,33.58155419361298
2025-08-02 07:00:00,46,0.173883489583333,39.130434782608695,29.22936539994352,1.0,71.8,62.71945851370024,51.841986286299765
2025-08-02 07:30:00,47,0.2052716141014388,38.297872340425535,35.25575039426287,1.0,91.44746,75.65068703909027,107.23931696090973
2025-08-02 08:00:00,46,0.2125116041666667,39.130434782608695,35.72265167210591,1.0,149.5781,76.6525492049287,155.7034807950713
2025-08-02 08:30:00,53,0.2430835833333327,33.9622641509434,47.0798105825589,1.0,138.4462,101.02238575016665,190.40384424983333
2025-08-02 09:00:00,54,0.23783443749999977,33.333333333333336,46.93228576214058,1.0,135.949,100.70583160239902,234.93395839760097
2025-08-02 09:30:00,41,0.26348787500000026,43.90243902439025,39.47732338108859,1.0,109.2647,84.709206380406,296.366533619594
2025-08-02 10:00:00,47,0.255066,38.297872340425535,43.80802123775001,1.0,183.5524,94.00188245597936,355.74938754402064
2025-08-02 10:30:00,48,0.20548229166666698,37.5,36.042826852083394,1.0,99.59872,77.33957109688373,428.47028890311634
2025-08-02 11:00:00,50,0.28804497916666627,36.0,52.63001834969611,1.0,146.8464,112.93184806760894,435.8628519323911
2025-08-02 11:30:00,49,0.2910204791666673,36.734693877551024,52.110211880556534,1.0,121.8526,111.81646359619597,406.16053640380403
2025-08-02 12:00:00,50,0.295887395833333,36.0,54.062942243272516,1.0,90.50207,116.0065713627178,224.92362863728215
2025-08-02 12:30:00,59,0.1877563749999973,30.508474576271187,40.480876835035886,1.0,57.11681,86.86260000903572,228.25979999096427
2025-08-02 13:00:00,55,0.18941085416666592,32.72727272727273,38.06893782766044,1.0,66.92599,81.6871366884755,397.72476331152455
2025-08-02 13:30:00,46,0.18265265151588939,39.130434782608695,30.70343886713793,1.0,72.84544,65.88247927747038,478.31751072252956
2025-08-02 14:00:00,51,0.17121204166666737,35.294117647058826,31.908595591869922,1.0,69.66754,68.46846690207619,517.7216250979238
2025-08-02 14:30:00,58,0.1115855208304356,31.03448275862069,23.650430255696595,1.0,25.40031,50.74835388852437,453.7882161114756
2025-08-02 15:00:00,60,0.07156185887055055,30.0,15.69047427130974,1.0,-12.04266,33.66812917948584,410.3041008205141
2025-08-02 15:30:00,59,0.05771172003062275,30.508474576271187,12.442831997037365,1.0,-28.24443,26.699439914375795,376.6100700856242
2025-08-02 16:00:00,60,0.06792792708333395,30.0,14.893707472474095,-1.0,-45.44068,-31.958451890879275,366.5861818908793
2025-08-02 16:30:00,57,0.10622499999999957,31.57894736842105,22.126096540624914,-1.0,-71.00805,-47.47748625608315,342.1760272560831
2025-08-02 17:00:00,54,0.11940494791666745,33.333333333333336,23.562387331054843,-1.0,-94.94387,-50.55943413320516,302.9422441332052
2025-08-02 17:30:00,54,0.13766069791666635,33.333333333333336,27.164826426117127,-1.0,-72.41122,-58.28943532479201,231.831405324792
2025-08-02 18:00:00,52,0.1396929375000011,34.61538461538461,26.544894344718962,-1.0,-51.85822,-56.95920444469773,140.13674444469774
2025-08-02 18:30:00,48,0.06613797916666586,37.5,11.600998373708194,-1.0,-39.10184,-24.893059642639418,95.00228964263941
2025-08-02 19:00:00,52,0.08432862149632803,34.61538461538461,16.02439169736699,-1.0,-7.876,-34.384638753472,45.207588753471995
2025-08-02 19:30:00,51,0.08848349999999972,35.294117647058826,16.490570351062445,1.0,-17.51503,35.38495033500504,-51.734810335005044
2025-08-02 20:00:00,35,0.1074844583333332,51.42857142857143,13.747284613428803,1.0,-6.298644,29.498493559139792,-80.25271355913979
2025-08-02 20:30:00,32,0.090293558997674,56.25,10.558688006364003,-1.0,-17.09224,-22.6565026408521,2.2547026408521056
2025-08-02 21:00:00,34,0.07316241666666679,52.94117647058823,9.090131524298627,-1.0,-11.28915,-19.50532005130115,-16.362179948698856
2025-08-02 21:30:00,56,0.042597052083332976,32.142857142857146,8.717074937350622,-1.0,-0.5022588,-18.70482688943479,-6.022913110565206
2025-08-02 22:00:00,57,0.03527608333333454,31.57894736842105,7.34781854938567,-1.0,11.73922,-15.766719337508507,-19.69105066249149
2025-08-02 22:30:00,55,0.044140666666667494,32.72727272727273,8.871657869861277,1.0,-8.934516,19.03652611348113,-63.37269611348113
2025-08-02 23:00:00,68,0.04627969880655325,26.470588235294116,11.500127202554896,1.0,-5.587227,24.676613436989335,-51.00261343698933
2025-08-02 23:30:00,63,0.03624693749999952,28.571428571428573,8.344783543851454,1.0,3.458158,17.905975655749646,-35.736035655749646
2025-08-03 00:00:00,50,0.06591989818179844,36.0,12.04452672966306,1.0,3.132052,25.84476892336895,-71.35098892336894
2025-08-03 00:30:00,39,0.056037791666667,46.15384615384615,7.986358969130257,1.0,1.086057,17.13687940829707,-41.55938940829707
2025-08-03 01:00:00,53,0.059701125000000244,33.9622641509434,11.562762149640673,-1.0,-2.350046,-24.81101354836711,-4.994246451632893
2025-08-03 01:30:00,60,0.051417999999999575,30.0,11.273782134999909,-1.0,10.00426,-24.190929266975736,-14.618570733024256
2025-08-03 02:00:00,61,0.03161122916666681,29.508196721311474,7.0465157303272905,-1.0,5.548759,-15.120193167630408,-24.4017968323696
2025-08-03 02:30:00,52,0.037486191852350415,34.61538461538461,7.123244882057825,1.0,2.831831,15.284836182725218,-53.745486182725216
2025-08-03 03:00:00,66,0.03681326041666627,27.272727272727273,8.878741790387926,-1.0,0.9866248,-19.051726568691365,2.8448865686913507
2025-08-03 03:30:00,68,0.03561352083333347,26.470588235294116,8.849669083329895,-1.0,-1.773575,-18.989343262750324,-16.424686737249672
2025-08-03 04:00:00,65,0.05260499999999957,27.692307692307693,12.495210853124897,-1.0,1.448255,-26.81183282631303,-5.371587173686969
2025-08-03 04:30:00,62,0.050406500000000465,29.032258064516128,11.420403279541773,-1.0,23.84166,-24.505544335298175,-10.83456566470182
2025-08-03 05:00:00,69,0.037034520833333584,26.08695652173913,9.338110919356835,-1.0,-13.61597,-20.037426484943936,-5.659553515056068
2025-08-03 05:30:00,74,0.02876496875000023,24.324324324324323,7.7785533340339175,-1.0,-13.54566,-16.690976572877894,-7.1229434271221095
2025-08-03 06:00:00,62,0.032088895833333686,29.032258064516128,7.270255447449733,-1.0,1.59237,-15.600286858133696,39.641526858133695
2025-08-03 06:30:00,54,0.10753096874999979,33.333333333333336,21.21927424263277,1.0,10.11434,45.531655317915515,28.049604682084485
2025-08-03 07:00:00,48,0.14304662039994298,37.5,25.0912354978724,1.0,35.41031,53.83998873507297,48.38205426492703
2025-08-03 07:30:00,55,0.1803909834921027,32.72727272727273,36.25606972443473,1.0,35.42878,77.79714098602706,89.05383901397293
2025-08-03 08:00:00,55,0.20799650000000058,32.72727272727273,41.80439321552095,1.0,79.13223,89.70256008282495,135.91638991717508
2025-08-03 08:30:00,52,0.25359444791666674,34.61538461538461,48.18882004221008,1.0,97.882,103.40206357909508,172.84797642090493
2025-08-03 09:00:00,50,0.19151897613528657,36.0,34.993309924985496,1.0,101.7258,75.08755048446668,249.06252951553333
2025-08-03 09:30:00,46,0.23355723958333363,39.130434782608695,39.260368617756136,1.0,91.6488,84.24367163163565,295.2385483683644
2025-08-03 10:00:00,47,0.20506191581533617,38.297872340425535,35.21973435539018,1.0,138.1385,75.57340494880214,372.4422950511979
2025-08-03 10:30:00,47,0.177472333333333,38.297872340425535,30.48117643190273,1.0,106.4223,65.4055554922583,434.5800845077417
2025-08-03 11:00:00,55,0.23286777083333488,32.72727272727273,46.80317149153243,1.0,106.8424,100.4287822368678,445.50865776313225
2025-08-03 11:30:00,54,0.2816363229166673,33.333333333333336,55.57578846471106,1.0,101.3377,119.25278949044035,403.28931050955964
2025-08-03 12:00:00,49,0.26511333333333265,36.734693877551024,47.47127079138877,1.0,80.674,101.86236882853744,240.4654311714625
2025-08-03 12:30:00,41,0.22599504166666629,43.90243902439025,33.859923696289876,1.0,94.22971,72.65556574658348,239.0341342534166
2025-08-03 13:00:00,50,0.15573477083333398,36.0,28.455013763324768,1.0,88.82656,61.05787897944119,405.0552210205588
2025-08-03 13:30:00,55,0.1414297916666687,32.72727272727273,28.42541400082506,1.0,62.72057,60.994364734410084,483.2622652655899
2025-08-03 14:00:00,61,0.13642945833333364,29.508196721311474,30.411734993196255,1.0,76.29697,65.25655022394376,494.64730977605626
2025-08-03 14:30:00,52,0.10566287598421498,34.61538461538461,20.078394293627813,1.0,58.93169,43.08359078925944,464.8782192107405
2025-08-03 15:00:00,57,0.10647670833333422,31.57894736842105,22.17852603352623,-1.0,-28.51728,-47.58998782291239,497.7804978229124
2025-08-03 15:30:00,59,0.1170391041666663,30.508474576271187,25.234006358792456,-1.0,-118.3832,-54.14634198516639,444.3068019851664
2025-08-03 16:00:00,60,0.15696225000000086,30.0,34.41515052937519,-1.0,-153.4923,-73.84695412764817,413.4553351276482
2025-08-03 16:30:00,58,0.2158379791666668,31.03448275862069,45.7466258598976,-1.0,-162.5329,-98.16167964998509,389.6352296499851
2025-08-03 17:00:00,57,0.2261368750000008,31.57894736842105,47.103095576797045,-1.0,-179.7424,-101.07234996287289,332.7108899628729
2025-08-03 17:30:00,57,0.2796661699357956,31.57894736842105,58.25295999196283,-1.0,-206.689,-124.99738046051498,302.18804046051497
2025-08-03 18:00:00,50,0.21125130208333398,36.0,38.5986936387805,-1.0,-192.7066,-82.82387014687623,159.61651414687623
2025-08-03 18:30:00,34,0.22168648958333315,52.94117647058823,27.54364111089668,1.0,-64.83624,59.10228403297701,12.420160967022994
2025-08-03 19:00:00,42,0.12972301041666678,42.857142857142854,19.909920069502625,-1.0,-48.01763,-42.722084065932904,69.5031140659329
2025-08-03 19:30:00,33,0.14909820833333343,54.54545454545455,17.97999522750522,-1.0,-18.95384,-38.58091167282821,11.360171672828216
2025-08-03 20:00:00,40,0.08437444791666615,45.0,12.333153676058954,-1.0,6.275373,-26.464095601958018,-16.203094398041987
2025-08-03 20:30:00,34,0.11880147048427014,52.94117647058823,14.760597601666088,-1.0,-24.90982,-31.67282889134871,17.677138891348715
2025-08-03 21:00:00,39,0.0655435416666672,46.15384615384615,9.341093506536536,1.0,-1.760605,20.043826427273206,-48.5080364272732
2025-08-03 21:30:00,52,0.0465962604166672,34.61538461538461,8.854368959199755,1.0,4.252855,18.999428109465466,-49.96612810946546
2025-08-03 22:00:00,56,0.05041255027893421,32.142857142857146,10.316441093264523,-1.0,0.5358592,-22.13669678778886,-9.866083212211148
2025-08-03 22:30:00,55,0.045530166666666094,32.72727272727273,9.15092797475683,-1.0,7.978701,-19.635775174090128,-3.2770348259098654
2025-08-03 23:00:00,61,0.06517281250000007,29.508196721311474,14.527788402330746,-1.0,3.373907,-31.173274189440985,-3.0389658105590165
2025-08-03 23:30:00,61,0.04535035416666655,29.508196721311474,10.109128700009524,-1.0,3.216693,-21.691852335293223,7.336932335293216
2025-08-04 00:00:00,51,0.04740206250000023,35.294117647058826,8.83426906080473,-1.0,2.16653,-18.95629837584768,-18.716511624152325
2025-08-04 00:30:00,48,0.050987662466412675,37.5,8.943541922583583,-1.0,5.030018,-19.19077266659042,-16.376957333409578
2025-08-04 01:00:00,40,0.061964144021739054,45.0,9.057402205230968,-1.0,1.264577,-19.43509050162199,5.600120501621991
2025-08-04 01:30:00,57,0.0681206041666661,31.57894736842105,14.189155699669154,-1.0,5.324441,-30.44664672232509,-4.460833277674901
2025-08-04 02:00:00,48,0.07373648958333318,37.5,12.933822691854141,-1.0,4.140273,-27.752992398078817,-11.984057601921187
2025-08-04 02:30:00,24,0.07066863744860286,75.0,6.197851510154817,-1.0,-12.65037,-13.29915601472417,-20.17738398527583
2025-08-04 03:00:00,47,0.06163885416666637,38.297872340425535,10.58657850283415,-1.0,-0.9265434,-22.716349196271647,-12.018030803728362
2025-08-04 03:30:00,58,0.02938014633317343,31.03448275862069,6.227090186824247,-1.0,0.2419918,-13.361895453068849,-19.55005454693115
2025-08-04 04:00:00,68,0.03754617708333391,26.470588235294116,9.329918378095629,-1.0,-2.778634,-20.019847186018925,-12.959072813981077
2025-08-04 04:30:00,50,0.06047343749999978,36.0,11.049378935546835,-1.0,8.933584,-23.709411896829007,-14.135998103170987
2025-08-04 05:00:00,40,0.04225366666666691,45.0,6.176288879444481,-1.0,1.986952,-13.252887595831787,-19.586182404168213
2025-08-04 05:30:00,66,0.03438134374999968,27.272727272727273,8.29220422499211,-1.0,-0.812243,-17.793152597063482,-9.30149740293652
2025-08-04 06:00:00,55,0.05404331249999972,32.72727272727273,10.861951457929631,-1.0,-4.710189,-23.307235874671427,55.88869587467143
2025-08-04 06:30:00,56,0.09168145879106604,32.142857142857146,18.76172428749002,1.0,32.50428,40.25832145151486,22.534758548485144
2025-08-04 07:00:00,57,0.1351678523580362,31.57894736842105,28.154737118972516,1.0,21.40475,60.41355474316747,54.28038525683253
2025-08-04 07:30:00,47,0.1744417291666669,38.297872340425535,29.960664988995706,1.0,70.82177,64.28865831017386,107.44761568982615
2025-08-04 08:00:00,51,0.17739562499999972,35.294117647058826,33.061023061171824,1.0,99.79542,70.9413097387896,144.75728026121038
2025-08-04 08:30:00,46,0.1902345063093266,39.130434782608695,31.977929071456504,1.0,105.8279,68.61724051508627,212.29525948491374
2025-08-04 09:00:00,52,0.21797998958333364,34.61538461538461,41.42124789059208,1.0,129.3518,88.88041882239096,227.21160117760903
2025-08-04 09:30:00,53,0.218518041666665,33.9622641509434,42.32201890997711,1.0,138.1974,90.8132651160971,291.40770488390285
2025-08-04 10:00:00,48,0.224374947916667,37.5,39.3567121142709,1.0,122.1502,84.45040249458947,361.5018175054105
2025-08-04 10:30:00,49,0.1660385624999996,36.734693877551024,29.73091342916399,1.0,92.27663,63.79566459552582,454.5905454044742
2025-08-04 11:00:00,56,0.24974311161016227,32.142857142857146,51.10751360760748,1.0,56.73517,109.66490498821783,428.63964501178225
2025-08-04 11:30:00,56,0.32533678124999965,32.142857142857146,66.57702736059369,1.0,81.62598,142.85890399510043,364.50389600489956
2025-08-04 12:00:00,48,0.2893444062499986,37.5,50.752744922687256,1.0,95.8138,108.90365343481062,249.93374656518938
2025-08-04 12:30:00,55,0.2428662499999994,32.72727272727273,48.81272624192697,1.0,74.99641,104.74082199803972,247.4173780019603
2025-08-04 13:00:00,47,0.21178381250000045,38.297872340425535,36.374231594221435,1.0,102.4914,78.05068903226699,384.93301096773297
2025-08-04 13:30:00,49,0.16837950000000146,36.734693877551024,30.15008238068776,1.0,106.7038,64.69510422774503,472.76437577225494
2025-08-04 14:00:00,54,0.16379989583333265,33.333333333333336,32.322920094609245,1.0,66.54481,69.35751146753975,504.5622931324601
2025-08-04 14:30:00,44,0.13127747016031732,40.90909090909091,21.107951270028906,1.0,81.61865,45.292781963454544,434.00475803654547
2025-08-04 15:00:00,63,0.07897316666666576,28.571428571428573,18.181232044937296,-1.0,-4.138831,-39.01271934465623,486.9835093446562
2025-08-04 15:30:00,60,0.09331215076150068,30.0,20.459388895589736,-1.0,-69.52541,-43.90111709558632,438.7838770955863
2025-08-04 16:00:00,65,0.10282133333333321,27.692307692307693,24.42304420111108,-1.0,-119.8913,-52.40620473932059,375.62568473932055
2025-08-04 16:30:00,54,0.14331615625000027,33.333333333333336,28.28082791608599,-1.0,-129.6837,-60.68411643379292,342.1776564337929
2025-08-04 17:00:00,61,0.15408691666666563,29.508196721311474,34.3477906665588,-1.0,-152.9493,-73.70241543980485,303.40553543980485
2025-08-04 17:30:00,50,0.2008373210445975,36.0,36.695907432446525,-1.0,-137.304,-78.74093098977652,242.04810098977651
2025-08-04 18:00:00,43,0.1887821458333332,41.86046511627907,29.66419596037064,-1.0,-137.1541,-63.65250433669476,159.60501433669475
2025-08-04 18:30:00,51,0.15428554166666708,35.294117647058826,28.754022829182368,-1.0,-82.43246,-61.69948328540783,101.25472328540783
2025-08-04 19:00:00,49,0.15038524931291408,36.734693877551024,26.92802660433478,-1.0,-86.03823,-57.78131766999139,82.54617766999138
2025-08-04 19:30:00,53,0.12438904166666598,33.9622641509434,24.091353434518965,-1.0,-64.03051,-51.69447306160542,13.94496306160542
2025-08-04 20:00:00,38,0.12182117708333262,47.36842105263158,16.916464265087576,-1.0,-22.48542,-36.29882018152549,-16.34395981847451
2025-08-04 20:30:00,35,0.08275241666666644,51.42857142857143,10.584051331753445,-1.0,-10.97733,-22.71092647157049,-15.00675352842951
2025-08-04 21:00:00,57,0.07953441666666539,31.57894736842105,16.56659149417682,-1.0,-15.80626,-35.54807412734489,13.210024127344894
2025-08-04 21:30:00,45,0.06178533331987002,40.0,10.160173290286052,1.0,0.7511229,21.801382221364705,-42.46480222136469
2025-08-04 22:00:00,56,0.046504536917688355,32.142857142857146,9.516703936348051,-1.0,-13.334,-20.42064579767109,-3.1041442023289143
2025-08-04 22:30:00,64,0.04575426558964241,28.125,10.700763613355756,-1.0,-2.463104,-22.961364036801026,-17.500105963198973
2025-08-04 23:00:00,63,0.0458730833333334,28.571428571428573,10.560918447406268,-1.0,-7.875934,-22.661288651513072,-17.01724134848693
2025-08-04 23:30:00,50,0.051330781249999846,36.0,9.378882308268201,-1.0,-1.353199,-20.12491245668444,-4.403147543315562
2025-08-05 00:00:00,55,0.052561452380078366,32.72727272727273,10.564118258122948,-1.0,1.120786,-22.6681547053172,-4.608865294682801
2025-08-05 00:30:00,50,0.06566161458333325,36.0,11.99733454958766,-1.0,-16.5063,-25.743505418673912,-7.75296458132609
2025-08-05 01:00:00,50,0.06163800690672999,36.0,11.262162749460293,-1.0,-0.008808665,-24.16599675272731,-9.693763247272692
2025-08-05 01:30:00,56,0.040685158414953626,32.142857142857146,8.325824379755582,-1.0,4.895878,-17.865293674129624,-12.602266325870382
2025-08-05 02:00:00,63,0.050116250000000084,28.571428571428573,11.537781868593772,1.0,-0.5559093,24.7574116422243,-61.128401642224304
2025-08-05 02:30:00,62,0.0397694479166667,29.032258064516128,9.010408050808167,1.0,2.439192,19.334251914181667,-61.31054191418167
2025-08-05 03:00:00,52,0.06581643750000027,34.61538461538461,12.5066478724688,-1.0,13.21319,-26.836374024879788,-5.452925975120216
2025-08-05 03:30:00,48,0.051014449074616885,37.5,8.948240454382251,1.0,0.4395116,19.200854629239615,-52.155544629239614
2025-08-05 04:00:00,60,0.040749666666666906,30.0,8.93467003916672,1.0,3.964672,19.171735656505234,-44.24413565650523
2025-08-05 04:30:00,64,0.027088947916666606,28.125,6.3354186643610975,-1.0,0.9477664,-13.594343313628213,-23.801916686371783
2025-08-05 05:00:00,59,0.03792033333333311,30.508474576271187,8.175745527736066,-1.0,3.027824,-17.54325916519567,-17.51418083480433
2025-08-05 05:30:00,72,0.027462083333333276,25.0,7.225521283749986,1.0,-1.334626,15.50429768813561,-31.534267688135614
2025-08-05 06:00:00,54,0.06384353813323257,33.333333333333336,12.598357106022517,1.0,0.5176999,27.033160831247013,-2.853510831247018
2025-08-05 06:30:00,53,0.10566297916666612,33.9622641509434,20.464537244927847,1.0,15.03977,43.91216426264956,29.47073573735043
2025-08-05 07:00:00,60,0.12116744402484059,30.0,26.566870858276488,1.0,33.39815,57.00636096046491,49.39050513953509
2025-08-05 07:30:00,41,0.2137272500000007,43.90243902439025,32.02189005319802,1.0,74.40619,68.7115706154094,98.27225638459059
2025-08-05 08:00:00,53,0.17318987499999938,33.9622641509434,33.542974799067586,1.0,158.3704,71.97546671130524,155.68312328869476
2025-08-05 08:30:00,43,0.2168906666666668,41.86046511627907,34.081015498444465,1.0,110.7492,73.12997762392723,186.07645237607278
2025-08-05 09:00:00,48,0.22004300000000032,37.5,38.59686245800006,1.0,95.22549,82.81994085640349,238.3278291435965
2025-08-05 09:30:00,46,0.2242832187499999,39.130434782608695,37.70142967355988,1.0,120.0955,80.8985491803594,308.02606081964063
2025-08-05 10:00:00,51,0.25056264314824395,35.294117647058826,46.69707792056469,1.0,156.3946,100.2011299689573,325.76054003104264
2025-08-05 10:30:00,50,0.2196441867503547,36.0,40.132196063679906,1.0,152.7852,86.11441171023574,426.3605382897643
2025-08-05 11:00:00,48,0.2850520625000007,37.5,49.999842074875126,1.0,104.2046,107.28809804104586,432.8544019589542
2025-08-05 11:30:00,43,0.2590984166666661,41.86046511627907,40.71331094947561,1.0,108.5607,87.36134986550024,422.6725501344997
2025-08-05 12:00:00,48,0.2199460875316277,37.5,38.57986342957269,1.0,112.1968,82.78346487262364,253.30783512737634
2025-08-05 12:30:00,44,0.23442731227143876,40.90909090909091,37.69329404159365,1.0,131.4288,80.88109199562047,280.22250800437956
2025-08-05 13:00:00,53,0.1839700624999978,33.9622641509434,35.63085411442406,1.0,82.90135,76.45557287540849,378.07312712459145
2025-08-05 13:30:00,49,0.17341945833333328,36.734693877551024,31.052538789842007,1.0,113.7682,66.63156697812968,482.4307630218704
2025-08-05 14:00:00,50,0.15754397916666651,36.0,28.78558251011282,1.0,65.41021,61.76720306213712,463.5596069378629
2025-08-05 14:30:00,56,0.12398709150364562,32.142857142857146,25.372759734336544,1.0,64.34612,54.444074640733724,447.86886535926624
2025-08-05 15:00:00,53,0.10421574999999961,33.9622641509434,20.184241578302007,1.0,35.80501,43.310714583740584,411.9562454162594
2025-08-05 15:30:00,66,0.06354433037899287,27.272727272727273,15.325828119879233,1.0,15.22635,32.885682867227885,358.8777271327721
2025-08-05 16:00:00,64,0.0501997083333342,28.125,11.740440053222427,1.0,-16.28934,25.1922692393483,302.5634807606517
2025-08-05 16:30:00,60,0.10665082695931738,30.0,23.38399369203253,-1.0,-47.72924,-50.17664263949077,330.6173116394907
2025-08-05 17:00:00,57,0.1443094374999998,31.57894736842105,30.058880168023403,-1.0,-80.17799,-64.49940537095183,279.83490537095184
2025-08-05 17:30:00,53,0.16732060416666772,33.9622641509434,32.406229341797946,-1.0,-89.51405,-69.5362738457633,256.1403038457633
2025-08-05 18:00:00,58,0.12552711642504932,31.03448275862069,26.605336338579743,-1.0,-69.09772,-57.0888989856009,132.4410779856009
2025-08-05 18:30:00,55,0.06675902083333285,32.72727272727273,13.417631342834104,1.0,-40.32672,28.79113387664016,46.692995123359836
2025-08-05 19:00:00,60,0.05267323872404861,30.0,11.549002639538088,1.0,-14.39219,24.781488821735532,-18.421718821735535
2025-08-05 19:30:00,39,0.07568556250000014,46.15384615384615,10.786507692898457,-1.0,-6.765101,-23.145351002172646,5.370321002172645
2025-08-05 20:00:00,57,0.06414266666666801,31.57894736842105,13.360572699833616,-1.0,-31.48988,-28.668699224243497,-7.5692707757565
2025-08-05 20:30:00,52,0.07567692708333346,34.61538461538461,14.380369327977455,-1.0,-4.655509,-30.85694694827388,4.414936948273876
2025-08-05 21:00:00,42,0.07476382291666711,42.857142857142854,11.474770232205799,-1.0,-8.051977,-24.62220324271784,4.133873242717836
2025-08-05 21:30:00,20,0.09707421062266347,90.0,7.09474957853288,-1.0,-1.548054,-15.223691851234822,-14.57627814876518
2025-08-05 22:00:00,55,0.060267395833332627,32.72727272727273,12.112905330099684,1.0,-1.242277,25.991493586550245,-61.56216358655024
2025-08-05 22:30:00,46,0.06715886458333387,39.130434782608695,11.289231642724916,-1.0,-15.33671,-24.224080337673207,6.34752033767321
2025-08-05 23:00:00,52,0.060107166666666434,34.61538461538461,11.421754149361066,-1.0,22.06922,-24.50844298952584,-4.567517010474155
2025-08-05 23:30:00,55,0.058243937499999454,32.72727272727273,11.706218449205618,1.0,-6.819892,25.118837591276712,-57.79738759127672
2025-08-06 00:00:00,46,0.05216774928850704,39.130434782608695,8.769263888712372,1.0,-17.86372,18.816812309748197,-53.7781623097482
2025-08-06 00:30:00,46,0.07083588541666697,39.130434782608695,11.907329345837725,-1.0,-12.81663,-25.550375066188664,-4.824434933811332
2025-08-06 01:00:00,51,0.08990099999999945,35.294117647058826,16.754748231374897,-1.0,-0.1246873,-35.95181497191317,13.708244971913167
2025-08-06 01:30:00,58,0.06059389583333363,31.03448275862069,12.84281057848791,-1.0,-6.421209,-27.557701450416694,-14.027318549583313
2025-08-06 02:00:00,21,0.14007929166666722,85.71428571428571,10.749702352411502,-1.0,0.3665626,-23.066375253155577,-7.929534746844425
2025-08-06 02:30:00,58,0.06502867658516864,31.03448275862069,13.782757554493527,-1.0,17.83752,-29.574610287129794,-1.9482197128702126
2025-08-06 03:00:00,57,0.03589662499999913,31.57894736842105,7.477074043140444,-1.0,-36.99686,-16.044071735252867,-25.77520826474714
2025-08-06 03:30:00,68,0.03140910525741286,26.470588235294116,7.804906148774161,-1.0,-13.62739,-16.747523618912055,-9.084026381087938
2025-08-06 04:00:00,43,0.05675310416666646,41.86046511627907,8.917873011389725,-1.0,-4.561032,-19.135693119406064,-13.090306880593936
2025-08-06 04:30:00,62,0.041537699369170566,29.032258064516128,9.411033856750446,1.0,-0.080742,20.19390224430355,-50.35446224430355
2025-08-06 05:00:00,55,0.03764188618830766,32.72727272727273,7.565493705855128,-1.0,2.034418,-16.233799883351484,-27.755770116648517
2025-08-06 05:30:00,67,0.05088343750000046,26.865671641791046,12.458175749049593,1.0,0.04716909,26.732364057770894,-38.8064040577709
2025-08-06 06:00:00,61,0.04388418946296979,29.508196721311474,9.782303299030053,1.0,-3.224997,20.990560607009755,4.903544392990245
2025-08-06 06:30:00,58,0.16745864583333425,31.03448275862069,35.49267857084221,1.0,-1.275215,76.15908011360168,-9.857740113601665
2025-08-06 07:00:00,52,0.1804013958333338,34.61538461538461,34.280444507336895,1.0,8.498542,73.55790615670617,38.395059843293836
2025-08-06 07:30:00,56,0.2097100416666664,32.142857142857146,42.91513283001384,1.0,-12.33846,92.08595042392501,64.638759576075
2025-08-06 08:00:00,56,0.19955704102820349,32.142857142857146,40.837419395025236,1.0,30.98575,87.6276578881118,127.74598211188822
2025-08-06 08:30:00,55,0.19792912500000015,32.72727272727273,39.7809913642969,1.0,63.46798,85.36080764557784,178.9424723544222
2025-08-06 09:00:00,48,0.28503884375000044,37.5,49.997523426812585,1.0,70.81099,107.28312275851829,205.1102572414817
2025-08-06 09:30:00,49,0.2519444422007977,36.734693877551024,45.11324530427048,1.0,77.80407,96.80259145431333,286.58490854568663
2025-08-06 10:00:00,47,0.20687701900680766,38.297872340425535,35.53148142932669,1.0,104.2075,76.2423420742919,360.3551779257081
2025-08-06 10:30:00,47,0.18001620833333143,38.297872340425535,30.918091308938912,1.0,96.34789,66.34307377667314,453.8381662233269
2025-08-06 11:00:00,53,0.2265216875,33.9622641509434,43.87214469237761,1.0,78.75224,94.139476560307,437.050043439693
2025-08-06 11:30:00,51,0.27159947916666716,35.294117647058826,50.61768938287769,1.0,38.26699,108.61385547956155,381.3437445204384
2025-08-06 12:00:00,46,0.2625160729166667,39.130434782608695,44.12827369076997,1.0,108.2456,94.68907015801325,246.45292984198676
2025-08-06 12:30:00,55,0.2183452291666672,32.72727272727273,43.88434332700966,1.0,99.10247,94.16565200914962,281.6243479908504
2025-08-06 13:00:00,57,0.13843154166666594,31.57894736842105,28.83454605963006,1.0,90.80775,61.87226751600433,377.1025324839956
2025-08-06 13:30:00,50,0.15630968957169522,36.0,28.56005980105497,1.0,66.1078,61.2832834832783,503.62978651672165
2025-08-06 14:00:00,58,0.13476602198318988,31.03448275862069,28.56351236281328,1.0,45.19198,61.29069188236612,442.3412381176339
2025-08-06 14:30:00,60,0.09146669791666562,30.0,20.05475951846331,1.0,23.41236,43.032876027576194,478.1050759724237
2025-08-06 15:00:00,59,0.07279174999999816,30.508474576271187,15.694134840197522,1.0,-10.26135,33.67598391376941,414.13047608623054
2025-08-06 15:30:00,63,0.047530500000000364,28.571428571428573,10.942489533937586,1.0,-19.2853,23.48005196040704,353.046528039593
2025-08-06 16:00:00,50,0.06715230208333234,36.0,12.2697048950302,-1.0,-27.76337,-26.327949191147283,348.37181919114727
2025-08-06 16:30:00,60,0.08812065625000054,30.0,19.321114787734494,-1.0,-47.17428,-41.45864409940612,305.6217440994061
2025-08-06 17:00:00,59,0.11601129166666646,30.508474576271187,25.012406686227386,-1.0,-68.77842,-53.67084033537274,276.89626033537274
2025-08-06 17:30:00,52,0.19587703125000044,34.61538461538461,37.22117375539071,-1.0,-73.07367,-79.86803104479876,232.76222104479876
2025-08-06 18:00:00,48,0.151260854166667,37.5,26.532061385958396,-1.0,-78.4556,-56.931667882970224,159.2777778829702
2025-08-06 18:30:00,54,0.10385805208333398,33.333333333333336,20.49449116919544,-1.0,-52.57722,-43.97643845693048,87.23889845693049
2025-08-06 19:00:00,50,0.18640656250000065,36.0,34.059197397786576,-1.0,-27.31948,-73.08316102560784,73.39291102560783
2025-08-06 19:30:00,51,0.09486274999999922,35.294117647058826,17.679463996906104,-1.0,-81.79424,-37.93604115334478,12.43593115334479
2025-08-06 20:00:00,44,0.10356619407138057,40.90909090909091,16.652287517510867,-1.0,-20.45172,-35.731957975206306,-1.7423620247936995
2025-08-06 20:30:00,53,0.05654220833333312,33.9622641509434,10.950951198553778,-1.0,-6.265473,-23.498208735813908,0.8481587358139144
2025-08-06 21:00:00,46,0.10348637499999935,39.130434782608695,17.39579229769781,-1.0,-0.5249646,-37.3273472892611,9.040947289261098
2025-08-06 21:30:00,47,0.0961996061059347,38.297872340425535,16.522446689688053,-1.0,-7.488335,-35.45334958591732,7.388099585917324
2025-08-06 22:00:00,46,0.13870648958333365,39.130434782608695,23.3162025738603,-1.0,-19.38693,-50.03117857738668,16.78667857738668
2025-08-06 22:30:00,45,0.08388158333333329,40.0,13.793749693281242,1.0,-19.37051,29.598196874906836,-47.64752687490683
2025-08-06 23:00:00,59,0.08293487499999963,30.508474576271187,17.88102513272388,-1.0,-13.78922,-38.36854473742608,4.870094737426086
2025-08-06 23:30:00,33,0.1080225416666667,54.54545454545455,13.026613836213546,-1.0,-16.11839,-27.95210073483045,-0.9180792651695491
2025-08-07 00:00:00,47,0.11396054166666603,38.297872340425535,19.572917713841907,-1.0,-36.24771,-41.998954946443966,15.184724946443964
2025-08-07 00:30:00,44,0.08145664012034193,40.90909090909091,13.097318132202973,-1.0,-9.574362,-28.103815802823608,-5.009344197176386
2025-08-07 01:00:00,44,0.11590393706366175,40.90909090909091,18.63605881920627,1.0,-10.80966,39.9886724181957,-71.09196241819569
2025-08-07 01:30:00,50,0.07356284374999938,36.0,13.44100434459624,1.0,-17.75074,28.841286933140108,-59.175746933140104
2025-08-07 02:00:00,60,0.05610847916666617,30.0,12.302204870885308,-1.0,-2.056589,-26.397686623330625,-6.818603376669369
2025-08-07 02:30:00,59,0.08665933333333242,30.508474576271187,18.68403029869425,-1.0,-13.93677,-40.091608119207976,13.428328119207983
2025-08-07 03:00:00,56,0.07082008333333273,32.142857142857146,14.492645460027655,-1.0,13.16604,-31.09786556247735,-13.174504437522646
2025-08-07 03:30:00,57,0.04748941666666773,31.57894736842105,9.891790236052307,1.0,-2.644003,21.225494253717414,-59.86188425371741
2025-08-07 04:00:00,50,0.05888635416666643,36.0,10.759395665581554,-1.0,1.452401,-23.087174861525813,-14.20995513847419
2025-08-07 04:30:00,60,0.0343158333333336,30.0,7.524003827083392,-1.0,-5.463113,-16.144772198529857,-11.599787801470143
2025-08-07 05:00:00,52,0.04067736145413908,34.61538461538461,7.729641035160114,-1.0,2.08773,-16.58602209103919,-0.12397790896081773
2025-08-07 05:30:00,67,0.03559750000000039,26.865671641791046,8.715604389479262,-1.0,3.405112,-18.701671433784345,-2.90244856621565
2025-08-07 06:00:00,60,0.036993041666667725,30.0,8.1110018332294,-1.0,-2.013062,-17.404334169525313,40.23511116952531
2025-08-07 06:30:00,32,0.11090362757145655,56.25,12.968774465199273,1.0,-1.944587,27.82799082066874,40.35611917933126
2025-08-07 07:00:00,58,0.15574232107754826,31.03448275862069,33.009416231538516,1.0,4.821094,70.83057341708293,35.64861058291707
2025-08-07 07:30:00,60,0.17270928125000007,30.0,37.867805233671895,1.0,41.39551,81.25555265605439,84.2114473439456
2025-08-07 08:00:00,44,0.16916265625000004,40.90909090909091,27.199466142005218,1.0,59.50851,58.363764144246076,148.1105958557539
2025-08-07 08:30:00,53,0.13149003640195134,33.9622641509434,25.466656046487415,1.0,50.33548,54.64555441198279,219.49820558801719
2025-08-07 09:00:00,47,0.18558379166666583,38.297872340425535,31.87433325772729,1.0,64.81026,68.3949478565739,247.42456214342607
2025-08-07 09:30:00,46,0.25183251041666666,39.130434782608695,42.332394433723096,1.0,74.8262,90.83552859059407,288.76631140940594
2025-08-07 10:00:00,44,0.1833458541666666,40.90909090909091,29.479965987961798,1.0,92.3207,63.25718942125363,368.7386805787464
2025-08-07 10:30:00,48,0.191247510416666,37.5,33.54596081214572,1.0,93.16051,71.98187400482027,440.2450459951797
2025-08-07 11:00:00,49,0.24291241666666696,36.734693877551024,43.49596817778825,1.0,58.3753,93.33228875524226,468.77402124475776
2025-08-07 11:30:00,50,0.2532507291666666,36.0,46.272601458550334,1.0,56.29198,99.29030164664952,374.2302983533505
2025-08-07 12:00:00,51,0.24813552820892215,35.294117647058826,46.24473923982758,1.0,77.45967,99.23051576873632,238.50698423126363
2025-08-07 12:30:00,51,0.2046002291666691,35.294117647058826,38.131114534534305,1.0,52.53315,81.82055352233195,319.09164647766806
2025-08-07 13:00:00,58,0.134599010416667,31.03448275862069,28.52811444221795,1.0,84.48298,61.21473613095407,380.2332638690459
2025-08-07 13:30:00,53,0.15318056250000067,33.9622641509434,29.667622011070442,1.0,76.93565,63.65985584918201,513.0833641508179
2025-08-07 14:00:00,50,0.15584688541666614,36.0,28.475498732703898,1.0,55.71236,61.101834986338666,490.2297050136614
2025-08-07 14:30:00,44,0.12661148958333335,40.90909090909091,20.35771369669966,1.0,54.29955,43.68294563235398,477.528444367646
2025-08-07 15:00:00,57,0.09096264669946019,31.57894736842105,18.947030383271553,-1.0,-24.39281,-40.6559454788476,362.22521547884753
2025-08-07 15:30:00,56,0.0845743124999997,32.142857142857146,17.30731550143744,-1.0,-45.48996,-37.13749654578625,228.89114654578623
2025-08-07 16:00:00,61,0.06893758333333455,29.508196721311474,15.367000214003747,-1.0,-28.82221,-32.97402865968801,313.18624865968803
2025-08-07 16:30:00,54,0.07039409375000039,33.333333333333336,13.89098970935164,-1.0,-30.4873,-29.806851461496343,319.0807114614964
2025-08-07 17:00:00,52,0.1013614453467756,34.61538461538461,19.261022822704565,-1.0,-26.74648,-41.329700639425674,283.6249806394257
2025-08-07 17:30:00,61,0.09094558333333236,29.508196721311474,20.27284292500326,-1.0,-29.73367,-43.50083258365781,224.42872258365782
2025-08-07 18:00:00,55,0.0891017519147983,32.72727272727273,17.908208422920648,-1.0,-21.43191,-38.42687379173272,138.7468037917327
2025-08-07 18:30:00,63,0.08025677083333327,28.571428571428573,18.47674387753905,-1.0,-18.24021,-39.64681939683215,99.36756939683215
2025-08-07 19:00:00,61,0.09561179166666678,29.508196721311474,21.31299578487676,-1.0,-28.37468,-45.732760073362016,50.53291007336202
2025-08-07 19:30:00,56,0.0703195104166674,32.142857142857146,14.390208051503622,-1.0,-34.81324,-30.878058573640487,16.20808857364048
2025-08-07 20:00:00,72,0.047980488835487334,25.0,12.624098437016237,1.0,-31.5445,27.088395774573943,-55.45283577457394
2025-08-07 20:30:00,60,0.04446467708333357,30.0,9.74921393559901,1.0,-4.348485,20.919558485391267,-48.20328848539127
2025-08-07 21:00:00,53,0.05368562500000018,33.9622641509434,10.397695399036493,-1.0,-2.52177,-22.31104973696149,9.585669736961496
2025-08-07 21:30:00,58,0.056550767238905286,31.03448275862069,11.9858738529548,1.0,-12.35089,25.718913414120706,-41.71727341412071
2025-08-07 22:00:00,40,0.0690880583801381,45.0,10.098716640188753,-1.0,-4.17204,-21.669510462829162,0.983870462829163
2025-08-07 22:30:00,57,0.06538912499999805,31.57894736842105,13.62020327095272,-1.0,-11.81116,-29.225806387241445,5.294466387241453
2025-08-07 23:00:00,56,0.06650697916666592,32.142857142857146,13.61001038565957,1.0,-5.551537,29.203934812626972,-43.65567481262697
2025-08-07 23:30:00,37,0.058569333333333695,48.648648648648646,7.919088788722272,1.0,-9.173629,16.992533158162065,-44.38857315816206
2025-08-08 00:00:00,63,0.03288274999999974,28.571428571428573,7.570279036031191,-1.0,-28.18983,-16.24406809524542,-19.922151904754575
2025-08-08 00:30:00,67,0.03893274999999896,26.865671641791046,9.53219880032266,-1.0,-3.089093,-20.453894192391036,-14.879815807608967
2025-08-08 01:00:00,63,0.033183624999999495,28.571428571428573,7.6395465913592595,-1.0,-0.008077537,-16.39270025004248,-1.254849749957529
2025-08-08 01:30:00,54,0.046252854166667134,33.333333333333336,9.127156655203217,-1.0,3.976301,-19.58476741972535,-14.08294258027465
2025-08-08 02:00:00,68,0.027165499999999232,26.470588235294116,6.750404898416476,-1.0,-1.678777,-14.484807801462878,-17.57924219853713
2025-08-08 02:30:00,61,0.031717645520152105,29.508196721311474,7.070237190345331,-1.0,10.43858,-15.171093934962453,-12.271006065037543
2025-08-08 03:00:00,73,0.029203062499999932,24.65753424657534,7.790305079247378,1.0,-0.1119072,16.71619310037666,-43.25970310037667
2025-08-08 03:30:00,72,0.028754604166666253,25.0,7.565595147687392,1.0,-1.51453,16.234017554063904,-45.0057175540639
2025-08-08 04:00:00,62,0.038787114583333004,29.032258064516128,8.787844634946975,1.0,-1.107519,18.85668229415152,-36.27209229415153
2025-08-08 04:30:00,72,0.03536935416666642,25.0,9.305995405437436,-1.0,0.9678137,-19.96851401916328,-12.504635980836717
2025-08-08 05:00:00,71,0.03148589583333394,25.35211267605634,8.169163920051373,1.0,-10.3178,17.52913655717852,-50.57502655717852
2025-08-08 05:30:00,66,0.039562479166667,27.272727272727273,9.541807303474037,-1.0,-9.28639,-20.47451181807451,-11.64811818192549
2025-08-08 06:00:00,55,0.061624687499999053,32.72727272727273,12.385702009570123,1.0,-20.60362,26.576852173252725,-16.032412173252723
2025-08-08 06:30:00,58,0.1475170729166666,31.03448275862069,31.266083794525162,1.0,-14.68677,67.08978517338544,-12.301165173385435
2025-08-08 07:00:00,52,0.19712665475855962,34.61538461538461,37.458631171628234,1.0,-12.58312,80.37755974522373,16.89885325477627
2025-08-08 07:30:00,55,0.22233321729003053,32.72727272727273,44.68587327413813,1.0,13.02553,95.88554991245853,76.20071824754147
2025-08-08 08:00:00,55,0.22026835416666657,32.72727272727273,44.27086460838974,1.0,38.33146,94.99503729139826,131.56833270860176
2025-08-08 08:30:00,43,0.15344912308549197,41.86046511627907,24.1121576251907,1.0,55.73621,51.73911404357315,209.39133595642684
2025-08-08 09:00:00,55,0.18410677083333415,32.72727272727273,37.00289111382395,1.0,42.85872,79.39964697642505,235.53537302357495
2025-08-08 09:30:00,55,0.22072933333333133,32.72727272727273,44.36351498638849,1.0,31.26827,95.19384357609378,296.20115642390624
2025-08-08 10:00:00,52,0.20741705208333305,34.61538461538461,39.41404505753988,1.0,43.51548,84.57342573192714,367.4644642680728
2025-08-08 10:30:00,48,0.21339995188290584,37.5,37.43163195997298,1.0,84.00921,80.31962568089685,418.24148431910317
2025-08-08 11:00:00,55,0.2483752916666666,32.72727272727273,49.91996671988714,1.0,106.7626,107.11670400135708,419.3160559986428
2025-08-08 11:30:00,52,0.27235636287832965,34.61538461538461,51.75401853595598,1.0,63.7443,111.05215505258408,369.36374494741585
2025-08-08 12:00:00,52,0.21382108333333238,34.61538461538461,40.63095935509705,1.0,26.36722,87.18464238873877,259.38015761126115
2025-08-08 12:30:00,47,0.1708253749999984,38.297872340425535,29.33954998293202,1.0,50.40192,62.955889147312625,315.12451085268737
2025-08-08 13:00:00,46,0.17521927083333222,39.130434782608695,29.453906777300162,1.0,4.727078,63.20127238167276,382.2775276183272
2025-08-08 13:30:00,56,0.11438453125000092,32.142857142857146,23.407688603177274,1.0,16.08042,50.227486439080465,531.0612435609195
2025-08-08 14:00:00,46,0.13511199999999923,39.130434782608695,22.71197816066654,1.0,-9.059101,48.73465272067602,509.92732727932395
2025-08-08 14:30:00,54,0.1241112568658671,33.333333333333336,24.49109151204107,1.0,-27.25893,52.55221853183525,438.9427714681647
2025-08-08 15:00:00,54,0.07565480208333297,33.333333333333336,14.92909449100774,1.0,-34.30383,32.034384248988175,401.33104575101174
2025-08-08 15:30:00,61,0.11066851399644051,29.508196721311474,24.669316736034133,-1.0,-37.72084,-52.934648645844824,454.2513886458448
2025-08-08 16:00:00,59,0.12344536749512569,30.508474576271187,26.615217285836483,-1.0,-68.06857,-57.110101213328576,389.5582212133286
2025-08-08 16:30:00,52,0.15429097916666745,34.61538461538461,29.318860449350844,-1.0,-70.45377,-62.91149419294543,333.67181619294547
2025-08-08 17:00:00,57,0.13810595833333128,31.57894736842105,28.76672880130687,-1.0,-56.04553,-61.72674736318149,271.5625153631815
2025-08-08 17:30:00,47,0.09842427083333405,38.297872340425535,16.9045366570878,-1.0,-47.51345,-36.27322629315763,207.0594362931576
2025-08-08 18:00:00,63,0.037028541666667136,28.571428571428573,8.524724748203235,1.0,-19.90571,18.292087866768387,83.32640213323161
2025-08-08 18:30:00,64,0.04136370833333303,28.125,9.673923498555485,-1.0,-3.971011,-20.75800261929508,58.69491361929508
2025-08-08 19:00:00,72,0.058653136625268276,25.0,15.43216812433771,-1.0,0.7292083,-33.11386392441885,32.70006392441885
2025-08-08 19:30:00,63,0.06162760862146732,28.571428571428573,14.187931167187442,-1.0,-3.221813,-30.444019158806878,27.00684915880687
2025-08-08 20:00:00,61,0.11803022916666661,29.508196721311474,26.310329854368916,-1.0,-10.75941,-56.45588329420415,26.879833294204147
2025-08-08 20:30:00,59,0.100313479166666,30.508474576271187,21.627907947412183,-1.0,-10.70264,-46.408488747021075,31.39314874702108
2025-08-08 21:00:00,62,0.07540604901573666,29.032258064516128,17.084453185136812,1.0,-27.04223,36.65928555453731,-55.95737555453731
2025-08-08 21:30:00,65,0.09118472916666565,27.692307692307693,21.65901373486521,-1.0,-30.13426,-46.47523457331602,6.16355457331602
2025-08-08 22:00:00,46,0.08556954166666642,39.130434782608695,14.384018899517319,-1.0,-22.54687,-30.86477808479208,-9.652981915207917
2025-08-08 22:30:00,46,0.06339477083333367,39.130434782608695,10.656497207258738,-1.0,14.62925,-22.86637856644395,0.4704185664439535
2025-08-08 23:00:00,63,0.04162897916666686,28.571428571428573,9.583839194617234,-1.0,-14.75576,-20.564702536098554,-17.49222746390144
2025-08-08 23:30:00,46,0.046490156250000636,39.130434782608695,7.814875166054795,-1.0,2.875573,-16.76891482454378,-7.02307517545621
